"title","channel","region","like_ratio_percent","views","likes"
"Yu-Gi-Oh! TCG YCS Anaheim, CA - Day 2","Official Yu-Gi-Oh! TRADING CARD GAME","DE",NULL,"148535",NULL
"Franklin Fall in Deepest Police Station  Hole - INDIAN BIKE DRIVING 3D","FRONIX","IN",NULL,"71531",NULL
"DAS SPIEL MIT DEM FEUER ZAHLT SICH AUS! Verdammt Geile Spielosession!","Risiko Casino","DE",NULL,"3238",NULL
"Yu-Gi-Oh! TCG YCS Anaheim, CA - Day 2","Official Yu-Gi-Oh! TRADING CARD GAME","CA",NULL,"148535",NULL
"DRAMATIC VICTORY! 🫨 | MotoGP 2025 Indonesia Grand Prix Race Highlights 🇮🇩","TNT Sports","GB",NULL,"34870",NULL
"Yu-Gi-Oh! TCG YCS Anaheim, CA - Day 2","Official Yu-Gi-Oh! TRADING CARD GAME","US",NULL,"148535",NULL
"Die Anyway - LuLuYam Official Song and Visualizer","LuLuYam","US","32.43","8599","2789.0"
"GULZAAR CHHANIWALA - Dadson ( Official Video ) | Hallu Mandiaala | New Haryanvi Song 2025","Gulzaar Chhaniwala","IN","21.15","70131","14832.0"
"ATEEZ(에이티즈) 여상 'Legacy' | ATEEZ Present","ATEEZ","FR","18.13","670782","121645.0"
"FLoB-a-Thon 2025 - Day 69 - ""THE FAR LANDS""","Far Lands or Bust with KurtJMac","US","17.71","62867","11136.0"
