"region","channel","avg_likes"
"CA","Official Yu-Gi-Oh! TRADING CARD GAME",NULL
"CA","Taylor Swift","634900"
"CA","CoryxKenshin","190319"
"CA","DaFuq!?Boom!","162005"
"CA","GTA Addiction","146630"
"CA","T-Series","145112"
"CA","Clash Royale","115452"
"CA","KRAFTON INDIA ESPORTS","91859"
"CA","Megadeth","80377"
"CA","FORMULA 1","77075"
"CA","CashBlox","62139"
"CA","LALIGA EA SPORTS","60130"
"CA","Markiplier","58397"
"CA","Flamingo","57127"
"CA","Let's Game It Out","46755"
"CA","3FS","45579"
"CA","Himra officiel","44789"
"CA","Grian","42243"
"CA","Beppo","40652"
"CA","VALORANT Champions Tour","39900"
"CA","McKay","39732"
"CA","MoreSidemen","37754"
"CA","MCK // Nger","36240"
"CA","ItsFunneh","31168"
"CA","SMii7Y","30935"
"CA","Wankil Studio - Laink et Terracid","29613"
"CA","WolfeyVGC","26330"
"CA","Jass Records","23061"
"CA","TenZ","22534"
"CA","VanossGaming","22423"
"CA","Speed Records","22399"
"CA","Judo Sloth Gaming","21655"
"CA","Ken","21599"
"CA","Asmongold TV  ","19840"
"CA","Foltyn","19287"
"CA","VALORANT","18813"
"CA","The Dragon Prince","18553"
"CA","CaseOh","18261"
"CA","Vegas Matt","17956"
"CA","NoahsNoah2","17263"
"CA","GothamChess","17035"
"CA","S2G","16521"
"CA","JustAlx","15656"
"CA","BdoubleO100","15594"
"CA","CaylusBlox","15529"
"CA","Bruno Mars - Topic","15179"
"CA","Squeezie - Rediffusions","15153"
"CA","Joxy","15013"
"CA","Willjum","14020"
"CA","Carvs","13587"
"CA","rekrap1","13453"
"CA","SSundee","13302"
"CA","KreekCraft","12975"
"CA","Thebausffs","12959"
"CA","PrestonPlayz","12764"
"CA","FlameFrags","12249"
"CA","Phoenix SC","12116"
"CA","Spookston","11704"
"CA","Dangthatsalongname","11674"
"CA","Jynxzi","11431"
"CA","Unchained_Off","11325"
"CA","Far Lands or Bust with KurtJMac","11136"
"CA","yalc","11068"
"CA","ZexyZek","11018"
"CA","FaZe Jev","10429"
"CA","It'sAGundam","10066"
"CA","steak","10016"
"CA","LaurenZside","9960"
"CA","Ubisoft","9711"
"CA","MMG","9310"
"CA","UnitedGamer","9204"
"CA","IGP","9203"
"CA","ManePear","8865"
"CA","Lispy Roblox","8832"
"CA","Aphmau Diaries","8681"
"CA","Lana's Life","8549"
"CA","Daz Games","8488"
"CA","Toinelag Gaming","8410"
"CA","Drift","8301"
"CA","TrendingTracks","8245"
"CA","Real Civil Engineer","7976"
"CA","CHRBRG","7973"
"CA","Caylus  ","7595"
"CA","JRM","7324"
"CA","gameranx","7247"
"CA","Huntrix Friends","7207"
"CA","Fiouze","7066"
"CA","Top5Gaming","7013"
"CA","KAYE","6954"
"CA","Paradoxum Games","6906"
"CA","Bridge Sounds ","6836"
"CA","Kevko","6807"
"CA","Frogger","6639"
"CA","Aphmau","6543"
"CA","Sylvain Lyve - Best Of Twitch","6272"
"CA","Koopekool","6252"
"CA","Lady Luck HQ","6249"
"CA","Tyler & Snowi","6038"
"CA","ZexZel","5968"
"CA","GameGrumps","5951"
"CA","Kreative Kyle","5930"
"CA","Neebs Gaming","5588"
"CA","PearlescentMoon","5588"
"CA","twig","5577"
"CA","lilsimsie","5462"
"CA","ManlyBadassHero","5297"
"CA","Teddy Swims","5217"
"CA","Yumi","5004"
"CA","Firelight","5003"
"CA","Matt McMuscles","4997"
"CA","shadypenguinn","4952"
"CA","Caedrel","4940"
"CA","Joe Bart Games","4867"
"CA","Goosiest","4866"
"CA","Failboat","4859"
"CA","MBK BEAMNG","4776"
"CA","Odyssey Central","4743"
"CA","Blame Truth - The CODfather","4644"
"CA","Kubz Scouts","4597"
"CA","Vixella","4584"
"CA","MrRoflWaffles","4565"
"CA","SonyMusicIndiaVEVO","4562"
"CA","ESL Counter-Strike","4461"
"CA","TheEdgiestTaco","4408"
"CA","FoltynPlays","4293"
"CA","Dash Roblox","4268"
"CA","ImCade","4262"
"CA","Vindooly","4187"
"CA","Odablock","4153"
"CA","AloisNL","4140"
"CA","NG Slot","4117"
"CA","avascreams","4096"
"CA","Pangi","4045"
"CA","Neo's Mind","4005"
"CA","Kanga","3940"
"CA","DeliciousJames","3741"
"CA","TanqR","3705"
"CA","Spawn Wave","3685"
"CA","T-Series Bollywood Classics","3675"
"CA","Ryley LIVE","3529"
"CA","Brettski","3433"
"CA","Mr. Hand Pay","3380"
"CA","Bluff","3310"
"CA","ohnepixel raw","3056"
"CA","TC Zwag","3034"
"CA","Lazy Mattman","3031"
"CA","BachaBlox","3001"
"CA","GrayStillPlays","2966"
"CA","Cruz","2906"
"CA","CORSO","2867"
"CA","Dash","2807"
"CA","Doodle and Arkey","2755"
"CA","MunchingOrange","2750"
"CA","Maizen","2709"
"CA","Socksfor3","2679"
"CA","Sweaty Clash","2670"
"CA","chuggaaconroy","2670"
"CA","manofTaj","2569"
"CA","SoraBlox","2543"
"CA","Doggie","2526"
"CA","Nizarisaqt","2500"
"CA","Deemerz","2445"
"CA","RoBros","2350"
"CA","rustynickle40","2326"
"CA","Omz","2298"
"CA","Johnny Minecraft","2287"
"CA","DangerouslyFunny","2248"
"CA","Moxsy","2201"
"CA","FNS","2195"
"CA","Techy Plays","2162"
"CA","Real Shadmehr - Official","2145"
"CA","Dex","2111"
"CA","Muts","2008"
"CA","IGN","1972"
"CA","MoreNizarisaqt ","1924"
"CA","VALO2ASIA","1871"
"CA","Emergency Awesome","1862"
"CA","jmancurly","1837"
"CA","Jeanfils","1706"
"CA","VegasLowRoller","1599"
"CA","SirPugger","1544"
"CA","MoistCr1TiKaL Gaming","1355"
"CA","Roffle Lite","1330"
"CA","DrDonut","1272"
"CA","zii. (Зии.)","1249"
"CA","tarik","1244"
"CA","Sunny and Melon","1242"
"CA","Grave","1201"
"CA","Northernlion","1071"
"CA","WhosImmortal","1044"
"CA","FreezaReborn","1025"
"CA","Daily Valorant","969"
"CA","Bax","930"
"CA","ProjectSupreme","800"
"CA","Daaash","799"
"CA","Xaryu","786"
"CA","World of Warcraft","744"
"CA","7clouds Acoustic","719"
"CA","Kuldeep Manak","522"
"CA","Marvel Rivals","463"
"DE","Risiko Casino",NULL
"DE","Official Yu-Gi-Oh! TRADING CARD GAME",NULL
"DE","Taylor Swift","634900"
"DE","DaFuq!?Boom!","162095"
"DE","GTA Addiction","146630"
"DE","Clash Royale","115452"
"DE","FORMULA 1","77075"
"DE","CashBlox","62142"
"DE","LALIGA EA SPORTS","60130"
"DE","SSIO","51742"
"DE","Let's Game It Out","46756"
"DE","VALORANT Champions Tour","39900"
"DE","MCK // Nger","36240"
"DE","SMii7Y","30935"
"DE","CheZee","30319"
"DE","Yarnhub","29967"
"DE","Animals Tralala","29962"
"DE","Огород Домера","27179"
"DE","CaylusBlox","25695"
"DE","BastiGHG","25097"
"DE","Brandon302","24259"
"DE","EdisonPts","23188"
"DE","TenZ","22534"
"DE","Bogdan DLP","22303"
"DE","Dani Mocanu © Oficial","22193"
"DE","Judo Sloth Gaming","21655"
"DE","Asmongold TV  ","19840"
"DE","Foltyn","19287"
"DE","Holy Baam","19073"
"DE","VALORANT","18813"
"DE","CaseOh","18261"
"DE","GothamChess","17035"
"DE","Joxy","15647"
"DE","HapticRush","15435"
"DE","Willjum","14020"
"DE","KreekCraft","12975"
"DE","Thebausffs","12959"
"DE","Papaplatte Gaming","12518"
"DE","FlameFrags","12249"
"DE","Naomi Jon Music","11951"
"DE","Minecraft Parodileri","11867"
"DE","Storaro Music","11826"
"DE","Spookston","11704"
"DE","Jynxzi","11431"
"DE","Компот","11182"
"DE","yalc","11068"
"DE","Held der Steine Inh. Thomas Panke","10906"
"DE","DeadP47","10722"
"DE","ГЛЕНТ","10264"
"DE","Ubisoft","9711"
"DE","Azahriah","9244"
"DE","ManePear","8865"
"DE","muccosyoutube","8825"
"DE","DELVIR","8729"
"DE","ohnepixel","8671"
"DE","Trymacs","8611"
"DE","Lana's Life","8549"
"DE","EroxBlox","8012"
"DE","Game Two","8004"
"DE","Real Civil Engineer","7976"
"DE","Anastasiz","7433"
"DE","Valence","7322"
"DE","РАЙЗ","6897"
"DE","HardwareDealz","6835"
"DE","GamerBrother","6829"
"DE","HandOfUncut","6450"
"DE","Koopekool","6254"
"DE","ESL Counter-Strike","6007"
"DE","Cisko G","5857"
"DE","SnakeThug - Brawl Stars","5799"
"DE","Standart Skill","5727"
"DE","Ferited","5471"
"DE","lilsimsie","5462"
"DE","FixEye - Роблокс","5275"
"DE","DerHansus","5104"
"DE","Caedrel","4940"
"DE","MBK BEAMNG","4776"
"DE","Benx","4483"
"DE","Audio Music","4480"
"DE","Paluten","4399"
"DE","NETU - Topic","4214"
"DE","AloisNL","4140"
"DE","Sev","4115"
"DE","Kanga","3940"
"DE","SidneyEwekaGOTY","3742"
"DE","EliasN97","3651"
"DE","LUCREW","3551"
"DE","iCrimax","3476"
"DE","JohnRaqe","3438"
"DE","Lia","3411"
"DE","GamerBrother STREAM HIGHLIGHTS","3190"
"DE","ohnepixel raw","3056"
"DE","Cristi Dules","3056"
"DE","Chaosflo44","2934"
"DE","JulianFGU","2869"
"DE","Manhunt","2815"
"DE","Mahluna","2782"
"DE","Dennome Roblox","2768"
"DE","proownez","2603"
"DE","Luufey","2535"
"DE","SecondTry","2494"
"DE","Bastian","2439"
"DE","iTzu Gaming","2415"
"DE","Joe Cocker","2262"
"DE","BigSpin","2209"
"DE","Shaliani","2193"
"DE","GameStar","2176"
"DE","Real Shadmehr - Official","2145"
"DE","Tisi Schubech","2142"
"DE","StanniBunni","2138"
"DE","Dex","2111"
"DE","dydy","2052"
"DE","Aquarius Music","1970"
"DE","Propellermuetzentraeger","1961"
"DE","Platin Extra","1800"
"DE","Huebschrauber","1757"
"DE","zCrexpy","1753"
"DE","TheEkwah","1750"
"DE","Durim Malaj","1733"
"DE","ZAH1DE - Topic","1718"
"DE","Xezzo Music","1704"
"DE","Seka Aleksić","1645"
"DE","Gronkh","1639"
"DE","Magican","1622"
"DE","Jinu & Rumi Roblox","1622"
"DE","Tim Latka","1615"
"DE","ANIVAR","1571"
"DE","Fixx","1523"
"DE","Julius","1468"
"DE","The Comeback Kids","1455"
"DE","levelonee","1448"
"DE","Satoru","1410"
"DE","Yami","1396"
"DE","LOGO","1337"
"DE","Dennome","1333"
"DE","Huebi","1306"
"DE","mouzAkrobat","1301"
"DE","Jugger","1300"
"DE","TheJoCraft","1284"
"DE","mortenroyale","1261"
"DE","KeysJore","1242"
"DE","Jodarum Uncut","1205"
"DE","Fabiano","1193"
"DE","Paulberger","1177"
"DE","Aidan","1163"
"DE","Auch Sterzik","1162"
"DE","AwesomeElina","1143"
"DE","Noway4u","1135"
"DE","Alligatoah - Topic","1132"
"DE","TriDan","1099"
"DE","World of Healing","1093"
"DE","SYou","1062"
"DE","Cornhub","1037"
"DE","Ansgar NPLAY","1008"
"DE","Fantou","979"
"DE","Tjulfar","953"
"DE","Broady","943"
"DE","Rap Fusion","931"
"DE","STYLERZ","927"
"DE","PC Games","925"
"DE","Pinker Impostor","868"
"DE","LumeXx","808"
"DE","UkriBlox","802"
"DE","IDzock","779"
"DE","Ukri","769"
"DE","M4cM4nus","757"
"DE","After Beats","752"
"DE","Mexify Games","718"
"DE","FurkyPlayz","701"
"DE","Russik","660"
"DE","Mehr Alvi","659"
"DE","Mikez","643"
"DE","XtraGoal","638"
"DE","Domtendo","626"
"DE","DerGaucho10","595"
"DE","Ikky Roblox","542"
"DE","Pat","519"
"DE","Noway2u","507"
"DE","Sola","492"
"DE","Cutter Ali - Brawl Stars","490"
"DE","Amazing Lyrics","474"
"DE","Sxak","469"
"DE","Latin City","462"
"DE","SolutionPlayz","461"
"DE","V2nKub","460"
"DE","BIRKE","432"
"DE","Semlaki","428"
"DE","HamedLoco Clips","421"
"DE","HamedLoco Spielt","417"
"DE","Lumi F1","416"
"DE","Viktor Live","379"
"DE","BeuleRoblox","375"
"DE","TactiX","339"
"DE","Der KC","302"
"DE","FERJUS","222"
"DE","SemBlox","218"
"DE","TungTungBlox","179"
"DE","Okisebi","157"
"DE","Centi und Viti","130"
"DE","ScriFice","48"
"FR","Taylor Swift","634900"
"FR","Zé Felipe","515105"
"FR","DaFuq!?Boom!","162095"
"FR","GTA Addiction","146630"
"FR","ATEEZ","121645"
"FR","Clash Royale","115452"
"FR","FORMULA 1","77075"
"FR","Mainstreet Records","63216"
"FR","LALIGA EA SPORTS","60130"
"FR","Himra officiel","44789"
"FR","Bazar du Grenier","37406"
"FR","CalemaVEVO","35238"
"FR","Wally B. Seck","35107"
"FR","Ferre Gola TV Officiel","31857"
"FR","Animals Tralala","29963"
"FR","Wankil Studio - Laink et Terracid","29613"
"FR","Kery James","25900"
"FR","ZetFar","22962"
"FR","TenZ","22534"
"FR","H LA DROGUE OFF","21772"
"FR","L.E.J","21258"
"FR","Asmongold TV  ","19840"
"FR","VALORANT","18813"
"FR","le rappeur damso","17744"
"FR","Sindika","16698"
"FR","Joxy","15647"
"FR","Bruno Mars - Topic","15179"
"FR","Squeezie - Rediffusions","15153"
"FR","Aywen","14617"
"FR","Spow Business","13783"
"FR","Malakey","13510"
"FR","Thebausffs","12959"
"FR","Klay","12233"
"FR","Unchained_Off","11325"
"FR","L' immigré parisien","10584"
"FR","NAZA","9774"
"FR","Ubisoft","9711"
"FR","Ninjaxx","9526"
"FR","Rsko","8718"
"FR","Toinelag Gaming","8410"
"FR","Chily","8156"
"FR","Hugo Délire","7838"
"FR","Skinra","7794"
"FR","Fiouze","7066"
"FR","Kevko","6807"
"FR","Redcreed TV ","6382"
"FR","Conkerax","6305"
"FR","Sylvain Lyve - Best Of Twitch","6272"
"FR","Heuss L'Enfoiré","6166"
"FR","JOSPLAY","5906"
"FR","La Hasba22","5199"
"FR","ChocolatAndVanillah","5021"
"FR","Sneaze","4949"
"FR","Maz","4932"
"FR","MBK BEAMNG","4776"
"FR","Dart","4688"
"FR","Audio Music","4480"
"FR","ESL Counter-Strike","4461"
"FR","Heykel","4425"
"FR","Skyrroz","4312"
"FR","NETU - Topic","4214"
"FR","Booska-P","4078"
"FR","KAPPA Studio","3853"
"FR","LAirHisson","3657"
"FR","Elchiki - Clash Of Clans","3585"
"FR","Sidiki Diabate","3334"
"FR","Jayzz","3233"
"FR","Julien Chièze","3080"
"FR","Ouah Leouff","2890"
"FR","Paqman","2861"
"FR","Furious Jumper","2854"
"FR","D4WS7N","2806"
"FR","Maud Elka","2590"
"FR","BORO 700","2548"
"FR","Guy2Bezbar - Topic","2441"
"FR","AymenZeR","2429"
"FR","Talcado","2422"
"FR","Linca VOD","2419"
"FR","BeOnePourcent","2384"
"FR","Litsu Fourretout","2303"
"FR","Joe Cocker","2262"
"FR","JirayaTV","2242"
"FR","GwadaMagaTV","2226"
"FR","Willaume","2211"
"FR","LATACHE1.7","2204"
"FR","Maru","2197"
"FR","Alderiate","2134"
"FR","SouKa","2098"
"FR","LATATPA1.3","2093"
"FR","Durendal1","2083"
"FR","RocKyy","2053"
"FR","Teeqzy","2041"
"FR","Azpaz Tv","2040"
"FR","Julien Song","2006"
"FR","Kybba - Topic","1989"
"FR","HavoK","1952"
"FR","DHM 2.0 ","1865"
"FR","Vohlt","1803"
"FR","Jeanfils","1706"
"FR","ice","1655"
"FR","Les Twins Fifa","1654"
"FR","Kelyan & Loann","1596"
"FR","NightCrush","1573"
"FR","Terry Bleuh","1555"
"FR","Hika Minecraft","1517"
"FR","RaGe","1416"
"FR","Gentle Mates Replay","1393"
"FR","Les Twins Clips","1385"
"FR","3robi - Topic","1365"
"FR","RedEmption","1356"
"FR","Anna","1350"
"FR","Shado","1324"
"FR","Shado Roblox","1306"
"FR","Lou Deleuze - Topic","1289"
"FR","Souen v.2","1197"
"FR","Souen","1167"
"FR","Malison le Professeur Lapin","1143"
"FR","donbran95","1117"
"FR","World of Healing","1093"
"FR","WiPR","1083"
"FR","Kaelix Debonair【NIJISANJI EN】","1071"
"FR","Jigfio","1064"
"FR","Talcado Roblox","1010"
"FR","Yoananas & Cie","991"
"FR","Antoine Daniel - Les VOD","982"
"FR","Galax","977"
"FR","You Live","944"
"FR","Shado V2","935"
"FR","Domingo Replay","931"
"FR","Rap Fusion","931"
"FR","Bibi300","927"
"FR","SkyrrozLive","924"
"FR","Graya Officiel","924"
"FR","Cyrionis","902"
"FR","Farod Live [REDIFF - VOD]","878"
"FR","John Joodan","865"
"FR","KROLAY TV","860"
"FR","Arthur Ray","857"
"FR","Mawkzy","853"
"FR","Idizy - Best of LoL FR Réactions","845"
"FR","NawK","827"
"FR","7.62","818"
"FR","La Fouine - Topic","808"
"FR","mistermv","802"
"FR","Thomacky","787"
"FR","Blitzstream Facile","775"
"FR","LEYTON V2","758"
"FR","After Beats","752"
"FR","Dan Field","730"
"FR","Epiphany Soft-Pop","720"
"FR","British Pop Bangers","718"
"FR","Mister Wallon","691"
"FR","Luna Music","674"
"FR","Poker - Aim The Millions","668"
"FR","robert 87000","649"
"FR","Super Hero 3D Challenge","639"
"FR","VALORANT esports France – Challengers France","632"
"FR","TraYtoN","617"
"FR","Shado Brookhaven","604"
"FR","GEMI ROBLOX","598"
"FR","Naito","590"
"FR","LaSalle","573"
"FR","TUFF Music","569"
"FR","Asoniq","557"
"FR","MomoBlox","552"
"FR","Adam - League of Legends","547"
"FR","Edouard_EMB","542"
"FR","Wisfarm TV","538"
"FR","REDKILL","530"
"FR","Strey - League of Legends","503"
"FR","GP Explorer - Topic","485"
"FR","Talcado Plays","473"
"FR","Latin City","462"
"FR","Elito","452"
"FR","LSR","431"
"FR","FilmsActu","419"
"FR","Alderiate VOD","417"
"FR","Orbital Music","405"
"FR","Blandine","403"
"FR","Jeux Vidéo Magazine","402"
"FR","JL Tomy - Live","401"
"FR","The Song Script","393"
"FR","Talcado Brookhaven","361"
"FR","ourmemoriestonight","348"
"FR","十Loork Football","345"
"FR","Rock Surge","335"
"FR","Fresh.LoL","325"
"FR","Sinto Pap - Topic","317"
"FR","NeiKoohh","312"
"FR","iReaz - League of Legends","295"
"FR","HUZ REPLAY","266"
"FR","Croissant Strike","258"
"FR","Guy Christ Israël - Artiste","221"
"FR","FlapixTV","215"
"FR","ZORKI - FC 26 Tutoriel FR","209"
"FR","Amazing Lyrics","148"
"FR","Trayton Clips","142"
"FR","Matsuei","137"
"FR","Un si grand soleil - France Télévisions","98"
"FR","𝔽𝟙𝕋ℍ𝕀𝔹","37"
"GB","TNT Sports",NULL
"GB","Taylor Swift","634900"
"GB","CoryxKenshin","190319"
"GB","DaFuq!?Boom!","162005"
"GB","GTA Addiction","146630"
"GB","T-Series","145112"
"GB","Clash Royale","115452"
"GB","FORMULA 1","77073"
"GB","CashBlox","62139"
"GB","LALIGA EA SPORTS","60130"
"GB","Markiplier","58395"
"GB","Flamingo","57127"
"GB","Let's Game It Out","46755"
"GB","Grian","42243"
"GB","VALORANT Champions Tour","39900"
"GB","McKay","39732"
"GB","MoreSidemen","37754"
"GB","ItsFunneh","31168"
"GB","SMii7Y","30935"
"GB","Brandon302","24259"
"GB","TenZ","22534"
"GB","VanossGaming","22423"
"GB","JustAlx","22219"
"GB","Judo Sloth Gaming","21655"
"GB","Ken","21599"
"GB","Asmongold TV  ","19840"
"GB","Foltyn","19287"
"GB","VALORANT","18813"
"GB","Tyler & Snowi","18515"
"GB","CaseOh","18261"
"GB","Vegas Matt","17956"
"GB","NoahsNoah2","17263"
"GB","GothamChess","17035"
"GB","S2G","16521"
"GB","Joxy","15647"
"GB","BdoubleO100","15594"
"GB","CaylusBlox","15529"
"GB","Avocado Playz","14782"
"GB","Willjum","14020"
"GB","MiniminterClips","13677"
"GB","SSundee","13302"
"GB","KreekCraft","12975"
"GB","Thebausffs","12959"
"GB","PrestonPlayz","12764"
"GB","FlameFrags","12249"
"GB","Spookston","11704"
"GB","Dangthatsalongname","11674"
"GB","Jynxzi","11431"
"GB","yalc","11067"
"GB","ZexyZek","11018"
"GB","FaZe Jev","10429"
"GB","steak","10016"
"GB","LaurenZside","9960"
"GB","Ubisoft","9711"
"GB","Sofi Manassyan","9328"
"GB","UnitedGamer","9204"
"GB","ManePear","8865"
"GB","Aphmau Diaries","8681"
"GB","ohnepixel","8671"
"GB","Lana's Life","8549"
"GB","Daz Games","8488"
"GB","Drift","8301"
"GB","Lispy Roblox","8079"
"GB","Real Civil Engineer","7976"
"GB","Caylus  ","7595"
"GB","JRM","7324"
"GB","gameranx","7247"
"GB","Huntrix Friends","7207"
"GB","Top5Gaming","7012"
"GB","KAYE","6954"
"GB","Frogger","6639"
"GB","Aphmau","6543"
"GB","Koopekool","6252"
"GB","Fooster","6072"
"GB","ZexZel","5968"
"GB","GameGrumps","5951"
"GB","PearlescentMoon","5588"
"GB","More Chuff","5571"
"GB","lilsimsie","5462"
"GB","Zhong Gaming","5461"
"GB","Teddy Swims","5217"
"GB","Slogo","5015"
"GB","Firelight","5003"
"GB","Joe Bart Games","4867"
"GB","Goosiest","4866"
"GB","MBK BEAMNG","4776"
"GB","OwengeJuiceTV","4695"
"GB","Blame Truth - The CODfather","4644"
"GB","MrRoflWaffles","4565"
"GB","ESL Counter-Strike","4461"
"GB","FoltynPlays","4293"
"GB","Dash Roblox","4268"
"GB","ImCade","4262"
"GB","Vindooly","4187"
"GB","LegacyKillaHD","4157"
"GB","Odablock","4153"
"GB","Bokoen1","4067"
"GB","Pangi","4045"
"GB","Roodolf","4014"
"GB","ashens","3779"
"GB","TanqR","3705"
"GB","Bucket","3653"
"GB","Sxzxr","3623"
"GB","Grave","3604"
"GB","MoreAliA","3594"
"GB","Bax","3591"
"GB","ZombieCleo","3292"
"GB","JackSucksAtGeography","3221"
"GB","TheXclusiveAce","3220"
"GB","ZerkaaPlays","3206"
"GB","TG Plays","3174"
"GB","Ella","3165"
"GB","OdumodublvckVEVO","3163"
"GB","Lazy Mattman","3031"
"GB","BachaBlox","3001"
"GB","SnapieBlox","2920"
"GB","Sky","2837"
"GB","Dash","2807"
"GB","Doodle and Arkey","2755"
"GB","Maizen","2709"
"GB","Finoggin","2706"
"GB","Socksfor3","2679"
"GB","Hashtag House","2603"
"GB","manofTaj","2569"
"GB","SoraBlox","2543"
"GB","Nizarisaqt","2500"
"GB","BemmyBlock","2407"
"GB","RoBros","2350"
"GB","Danny Aarons","2327"
"GB","rustynickle40","2326"
"GB","Omz","2298"
"GB","Johnny Minecraft","2287"
"GB","Angelazz","2284"
"GB","More Trucker Tim","2272"
"GB","Joe Cocker","2262"
"GB","Techy Plays","2162"
"GB","Emergency Awesome","2143"
"GB","Jack","2116"
"GB","MeEnyu","2096"
"GB","Carbon Meister Plays","2026"
"GB","Muts","2008"
"GB","Duncan","1964"
"GB","DannyAaronsRTG","1947"
"GB","TWOSYNC","1904"
"GB","BemmyBlox","1892"
"GB","Cash","1860"
"GB","NerosCinema","1810"
"GB","AA9skillz","1747"
"GB","BrookBlox","1705"
"GB","CaniSports","1681"
"GB","More Techy","1659"
"GB","Billy Billions","1651"
"GB","Many A True Nerd","1617"
"GB","SinX6","1598"
"GB","AuzioMF","1547"
"GB","SirPugger","1544"
"GB","aarava","1524"
"GB","Hat Films","1447"
"GB","Scump","1425"
"GB","Let's Talk FPL","1410"
"GB","UnspeakablePlays","1394"
"GB","Norris Nuts Gaming","1345"
"GB","NepentheZ 2","1322"
"GB","GaraBLOX","1314"
"GB","MarleyThirteen","1269"
"GB","Sunny and Melon","1242"
"GB","FPL Focal","1201"
"GB","STUDS","1179"
"GB","Ghoulz Gaming","1158"
"GB","Wakibrine","1157"
"GB","Manny Plus","1116"
"GB","GioBlox","1105"
"GB","Topper Plays","1098"
"GB","World of Healing","1093"
"GB","STUD 2","1090"
"GB","Nico","1040"
"GB","NepentheZ","1029"
"GB","BorasLegend","985"
"GB","IGN","963"
"GB","KIRBZ","944"
"GB","The Bandit's Slot Video Channel","932"
"GB","Rap Fusion","931"
"GB","Brook and Riley","846"
"GB","AJ3","845"
"GB","Daaash","799"
"GB","OmzBlox","762"
"GB","La5ty","690"
"GB","Fuji","643"
"GB","Saja Friends","595"
"GB","TheFutAccountant","563"
"GB","Pieface23","529"
"GB","DraftToGlory","493"
"GB","bateson87","454"
"GB","ourmemoriestonight","348"
"GB","7 Neighbours","341"
"GB","M1Caspa","330"
"GB","Pressplay Media","302"
"GB","OAB Gambling Channel","258"
"GB","GRM Daily","187"
"GB","Good Neighbours - Topic","156"
"IN","FRONIX",NULL
"IN","Taylor Swift","634900"
"IN","People Media Factory","571596"
"IN","Play DMF","234016"
"IN","Dollar Music","168713"
"IN","DaFuq!?Boom!","162005"
"IN","GTA Addiction","146630"
"IN","T-Series","145112"
"IN","T-Series Telugu","133098"
"IN","Anto Joseph Film Company","126191"
"IN","Sur Music ","123916"
"IN","Dhanda Nyoliwala","94928"
"IN","KRAFTON INDIA ESPORTS","91859"
"IN","YesSmartyPie","90909"
"IN","Jolly Kitty ASMR","78181"
"IN","FORMULA 1","77073"
"IN","Firodaliso FunAnimation","71335"
"IN","Sony Music South","70404"
"IN","LALIGA EA SPORTS","60130"
"IN","Think Music India","55949"
"IN","VATS RECORDS","50638"
"IN","JioStudios","45700"
"IN","VALORANT","45225"
"IN","Raushan Rohi Entertainment","41354"
"IN","Ajay Hooda Official ","38035"
"IN","Night Shift Studios","36972"
"IN","Bixi OP","34699"
"IN","Anshu Bisht","30733"
"IN","Animals Tralala","29962"
"IN","BeastBoyShub","29892"
"IN","Dattrax Gaming","29242"
"IN","LoLzZz Gaming","24777"
"IN","Speed Records","22399"
"IN","DBeatsMusicWorld","20998"
"IN","Vikash Rao Official ","20828"
"IN","Nav Haryanvi","18571"
"IN","Badge 99","18488"
"IN","SenpaiUnlimited","18409"
"IN","Meera Music","17447"
"IN","Animals Vmini 3D","16718"
"IN","DIC Bhojpuri","16550"
"IN","Live Insaan","15391"
"IN","Gulzaar Chhaniwala","14832"
"IN","Gold E Gill","14719"
"IN","Assassins ARMY","14320"
"IN","Carry Depie","13652"
"IN","T-Series Tamil","13468"
"IN","Sumit 007","13174"
"IN","Khatu Entertainment","13098"
"IN","Bhaigiri music","12622"
"IN","Sony Music India","11117"
"IN","Junkeyy","10578"
"IN","hk2fy","10573"
"IN","Beat Bazaar Music","10535"
"IN","RIOT FF","10238"
"IN","Mr Spike","10146"
"IN","Akshara Singh","10117"
"IN","ERIC is LIVE","9514"
"IN","STAR GAMERS","9440"
"IN","Flight Gamer","9151"
"IN","Never Fold Gaming","9135"
"IN","Sun NXT","8766"
"IN","Naaz Music","8530"
"IN","CHHOTA AJJU","8486"
"IN","DesiNerd","8468"
"IN","Hakson is Live","8253"
"IN","Shivang Mini","7687"
"IN","Tyro Gaming","7429"
"IN","VISHDEE is LIVE","7031"
"IN","NINJA TIME","6971"
"IN","AAWARI GAMER","6868"
"IN","Horror School","6857"
"IN","Karry Kraft","6554"
"IN","Aditya Music","6540"
"IN","Target siblings Gamerz","6471"
"IN","Tejash Music World ","6223"
"IN","HAMID-T GAMING","6069"
"IN","AdiSpot","5791"
"IN","Annu Play","5540"
"IN","B4U Bhojpuri","5441"
"IN","Kaka","5342"
"IN","SRM","5151"
"IN","FAKE GB YT","5113"
"IN","FanCode","5102"
"IN","Blazzy","4864"
"IN","MBK BEAMNG","4776"
"IN","Kumar Gaming ","4615"
"IN","BOBIGamingYT","4397"
"IN","SuperSuper","4156"
"IN","Everyday Show","4152"
"IN","NeonXPawanOP","4129"
"IN","Guru Randhawa - Topic","4033"
"IN","GamingNews15K","3902"
"IN","Ajay Khutail","3687"
"IN","T-Series Bollywood Classics","3675"
"IN","Vaani Records","3651"
"IN","Dash Craft","3645"
"IN","Zin free fire","3613"
"IN","Dash Empire","3520"
"IN","Tamanna Film Studio","3473"
"IN","SANTALI WAVE ","3432"
"IN","JENI GAMING 2.0","3263"
"IN","Anya entertainment","3218"
"IN","Flame playz","3063"
"IN","Chulbull Records","2981"
"IN","Gamer Bhai","2904"
"IN","Saregama Tamil","2776"
"IN","Gulshan Music","2674"
"IN","ANZU SENPAI","2576"
"IN","DAD I AM OK GAMING","2539"
"IN","Kesari Nandan","2459"
"IN","Ayush More","2425"
"IN","BM Dragon","2405"
"IN","JRM Studio","2350"
"IN","TSK FF","2204"
"IN","Karry Mini","2174"
"IN","Sher Live","2086"
"IN","AkGamingHigh","2027"
"IN","GW KARAN","2012"
"IN","Skypat_Gamerz","2004"
"IN","MR MAFIA YT","1960"
"IN","Zubeen Garg - Topic","1949"
"IN","Mask Girl Gaming","1872"
"IN","make joke wanted","1696"
"IN","Tiox Play","1625"
"IN","Oliver GG Live","1584"
"IN","Yippi Gaming","1542"
"IN","Glex FF","1428"
"IN","Bhojpuri Bhakti","1355"
"IN","Game Definition","1348"
"IN","Gamer Bae Live","1332"
"IN","Phantom Pictures™","1232"
"IN","Bhojpuri Cinema TV Channel","1199"
"IN","DM - Desi Melodies","1164"
"IN","Apoorva Videos","1153"
"IN","1iQ Gaming","1089"
"IN","R A T 🐭","1065"
"IN","Shivam Music HD","1000"
"IN","Mahar Studio Todabhim","975"
"IN","NpsDude","956"
"IN","MJOH TOONS","956"
"IN","Dabble Voice Music","883"
"IN","Namita Agrawal","859"
"IN","MAHI ALWAR","793"
"IN","Release - Topic","678"
"IN","Bhakti Darshan","668"
"IN","Hindi Trending Songs","659"
"IN","Bhakthi Peetham - భక్తి పీఠం ","650"
"IN","SingleTrackFansVEVO","638"
"IN","Alpha Sena","602"
"IN","Emusic Abirami","544"
"IN","SAFALTA MUSIC MAGHI","501"
"IN","MiLoN Bhai FF","497"
"IN","Dad Gamerz Official","464"
"IN","Pranam Bhakti","457"
"IN","Music Cafe","454"
"IN","Odia Bhaktidhara","442"
"IN","Rajasthani Gta King ","441"
"IN","Udta Teer","434"
"IN","Netula Bhakti Mantra","409"
"IN","HarshTatsuya","396"
"IN","Ajay Pratap Singh - Topic","383"
"IN","Babanita Das - Topic","383"
"IN","Sawariya Live HD","340"
"IN","Ambey Bhakti","332"
"IN","Rangarang Music","318"
"IN","T-Series Bhakti Sagar","296"
"IN","Bhakti Upasana","294"
"IN","Old Hindi Filmy Songs","285"
"IN","Sundarkand Path","283"
"IN","Max Aadi","282"
"IN","Namita Agrawal 2","265"
"IN","Udit-Alka Specials","262"
"IN","Mr sonu  ff","249"
"IN","Bhakti Bliss India","246"
"IN","Wave Bhakti Parsad ","246"
"IN","Mahi Bhakti","244"
"IN","Aaj Ke Bhajan","240"
"IN","Dharmik Geet","239"
"IN","Prabu","224"
"IN","Jhankar Music11","222"
"IN","RDC Gujarati HD","199"
"IN","DivyaRas Bhakti","188"
"IN","Game Beatz studio ","183"
"IN","Maghaw Records","182"
"IN","Hero Music Dhun","181"
"IN","Omkaram - ఓంకారం","170"
"IN","Dancer Golu Mahrawar","168"
"IN","RDC Bengali","160"
"IN","Hold Music Bhajan","136"
"IN","Bhakti Sadhna भक्ति साधना","135"
"IN","Chinu Tinu Fear Story","126"
"IN","Time Film","123"
"IN","Shree Bhakti Sagar","119"
"IN","Shyam Amrit Vaani","107"
"IN","Atma Raag","99"
"IN","Cultune Maithili ","81"
"IN"," Bollywood Melody Hub","79"
"IN","UMANG RANG","71"
"IN","Kriti Music","64"
"US","Official Yu-Gi-Oh! TRADING CARD GAME",NULL
"US","Taylor Swift","634900"
"US","CoryxKenshin","190317"
"US","DaFuq!?Boom!","162005"
"US","Jugando Con Nachito","130868"
"US","Clash Royale","115452"
"US","ElAlfaElJefeTV","112879"
"US","FORMULA 1","77073"
"US","CashBlox","62139"
"US","Markiplier","58395"
"US","Flamingo","57127"
"US","Let's Game It Out","46755"
"US","3FS","45579"
"US","Grian","42243"
"US","VALORANT Champions Tour","39900"
"US","McKay","39732"
"US","The Game Theorists","31807"
"US","ItsFunneh","31168"
"US","SMii7Y","30935"
"US","WolfeyVGC","26330"
"US","Brandon302","24259"
"US","TenZ","22534"
"US","VanossGaming","22423"
"US","Judo Sloth Gaming","21655"
"US","Ken","21599"
"US","Asmongold TV  ","19840"
"US","Foltyn","19287"
"US","VALORANT","18813"
"US","The Dragon Prince","18553"
"US","CaseOh","18261"
"US","Vegas Matt","17956"
"US","GothamChess","17035"
"US","JustAlx","15656"
"US","BdoubleO100","15594"
"US","CaylusBlox","15529"
"US","Joxy","15013"
"US","Willjum","14020"
"US","SSundee","13302"
"US","Bionic","13209"
"US","KreekCraft","12975"
"US","Thebausffs","12959"
"US","PrestonPlayz","12764"
"US","Hurricane Wisdom","12480"
"US","FlameFrags","12249"
"US","Phoenix SC","12116"
"US","Spookston","11704"
"US","Dangthatsalongname","11674"
"US","Jynxzi","11431"
"US","Far Lands or Bust with KurtJMac","11136"
"US","yalc","11067"
"US","FaZe Jev","10429"
"US","It'sAGundam","10066"
"US","steak","10016"
"US","LaurenZside","9960"
"US","Jynxzi Live","9950"
"US","Ubisoft","9711"
"US","Sofi Manassyan","9328"
"US","MMG","9310"
"US","UnitedGamer","9204"
"US","Bryant Myers - Topic","9088"
"US","Dagar","9078"
"US","SoyNeto","8954"
"US","ManePear","8865"
"US","Lispy Roblox","8832"
"US","Aphmau Diaries","8681"
"US","Lana's Life","8549"
"US","Daz Games","8488"
"US","Drift","8301"
"US","Real Civil Engineer","7976"
"US","CHRBRG","7972"
"US","Caylus  ","7595"
"US","gameranx","7247"
"US","Huntrix Friends","7207"
"US","Top5Gaming","7012"
"US","KAYE","6954"
"US","Frogger","6639"
"US","SeeReax","6611"
"US","Aphmau","6543"
"US","DotoDoya","6505"
"US","Koopekool","6252"
"US","Lady Luck HQ","6249"
"US","Fooster","6072"
"US","Tyler & Snowi","6038"
"US","ZexZel","5968"
"US","GameGrumps","5951"
"US","YFG Fatso","5834"
"US","PearlescentMoon","5588"
"US","Neebs Gaming","5588"
"US","lilsimsie","5462"
"US","ManlyBadassHero","5297"
"US","Teddy Swims","5217"
"US","Meags","5079"
"US","Yumi","5004"
"US","Firelight","5003"
"US","Joe Bart Games","4867"
"US","Failboat","4859"
"US","Odyssey Central","4743"
"US","Welyn","4740"
"US","Blame Truth - The CODfather","4643"
"US","Kubz Scouts","4597"
"US","Jettro Jettro","4587"
"US","MrRoflWaffles","4565"
"US","Audio Music","4480"
"US","Soup","4421"
"US","TheEdgiestTaco","4408"
"US","FoltynPlays","4293"
"US","Kaela Kovalskia Ch. hololive-ID","4291"
"US","Dash Roblox","4268"
"US","ImCade","4262"
"US","Vindooly","4187"
"US","LegacyKillaHD","4157"
"US","NG Slot","4117"
"US","Kanga","3940"
"US","DeliciousJames","3741"
"US","TanqR","3705"
"US","Spawn Wave","3685"
"US","Sxzxr","3623"
"US","Shubble","3493"
"US","Brettski","3433"
"US","FusionZGamer","3412"
"US","Mr. Hand Pay","3380"
"US","YoBoy PIZZA","3314"
"US","Bluff","3310"
"US","False Swipe Gaming","3208"
"US","ohnepixel raw","3056"
"US","Zaryee","3056"
"US","Lazy Mattman","3031"
"US","BachaBlox","3001"
"US","GrayStillPlays","2966"
"US","Cruz","2906"
"US","CORSO","2867"
"US","Sky","2837"
"US","Dash","2807"
"US","LuLuYam","2789"
"US","Doodle and Arkey","2755"
"US","MunchingOrange","2749"
"US","Socksfor3","2679"
"US","chuggaaconroy","2670"
"US","SC Slots","2634"
"US","SoraBlox","2542"
"US","Nizarisaqt","2500"
"US","Here's Johnny","2359"
"US","MoreCaseOh","2354"
"US","RoBros","2350"
"US","rustynickle40","2326"
"US","Omz","2298"
"US","Johnny Minecraft","2287"
"US","DangerouslyFunny","2248"
"US","VegasLowRoller","2202"
"US","Moxsy","2201"
"US","FNS","2195"
"US","Techy Plays","2162"
"US","Lia Roblox","2145"
"US","Emergency Awesome","2143"
"US","Dex","2111"
"US","Bruno Mars - Topic","2105"
"US","MoreNizarisaqt ","1924"
"US","Jarahn","1866"
"US","Cash","1860"
"US","Sean Rii - Topic","1727"
"US","BrookBlox","1705"
"US","Gobby YT - Topic","1670"
"US","More Techy","1659"
"US","SinX6","1598"
"US","Johnny and Marty","1570"
"US","Nintendo Mobile","1567"
"US","Northernlion","1504"
"US","AndyBlox","1490"
"US","UnspeakablePlays","1394"
"US","Roffle Lite","1330"
"US","GaraBLOX","1314"
"US","zii. (Зии.)","1249"
"US","tarik","1244"
"US","Sunny and Melon","1242"
"US","Andy Plays","1237"
"US","Grave","1201"
"US","PDSlots5150","1162"
"US","KPop Hunters","1098"
"US","STUD 2","1090"
"US","Solo","966"
"US","Rap Fusion","931"
"US","Doodle","903"
"US","Brook and Riley","846"
"US","ProjectSupreme","800"
"US","Daaash","799"
"US","OmzBlox","762"
"US","fiveuy","744"
"US","Gray & Wenda","703"
"US","Grizzley Gang Gaming","684"
"US","Love Trip","650"
"US","7clouds","643"
"US","Creative Chaos","635"
"US","Saja Friends","595"
"US","KinoCheck.com","454"
"US","Sonido Regional","286"
"US","Chilleando Beats","234"
"US","Australia Worldwide Entertainment ","222"
"US","Nación Mexa","158"
"US","Keller Lyrics","115"
"US","FoolGaming","58"
