"title","channel","region","views","likes","comments","like_ratio_percent"
"Fuerza Regida - PERO NO TE ENAMORES (Letra)","Nación Mexa","US","148774","158.0","0.0","0.11"
"FUERZA REGIDA - MARLBORO ROJO (Letra)","Sonido Regional","US","267737","286.0","3.0","0.11"
"Fuerza Regida - TU SANCHO (Letra/Lyrics)","Creative Chaos","US","501160","635.0","6.0","0.13"
"Vicente Fernández - No Me Sé Rajar (Letra)","Chilleando Beats","US","169947","234.0","3.0","0.14"
"Woh Humse Khafa Hain  |  Tumsa Nahin Dekha A Love Story  |  Shreya Ghoshal  |  Udit Narayan Songs","Old Hindi Filmy Songs","IN","192538","285.0","4.0","0.15"
"Chand Ke Paar Chalo  |  Chand Ke Paar Chalo  |  Alka Yagnik  |  Udit Narayan Songs","Udit-Alka Specials","IN","168780","262.0","3.0","0.16"
"Mario - Let Me Love You (Lyrics)","Amazing Lyrics","FR","80188","148.0","2.0","0.18"
"Ve Kamleya  |  Ve Kamleya - Rocky Aur Rani Kii Prem Kahaani  |  Altamash Faridi  |  Arijit Singh","Hindi Trending Songs","IN","371310","659.0","7.0","0.18"
"Lord Huron - The Night We Met (Lyrics)","Cyrionis","FR","500807","902.0","5.0","0.18"
"Que Onda - Calle 24 x Chino Pacas x Fuerza Regida (Letra)","Keller Lyrics","US","49939","115.0","5.0","0.23"
