video_id,title,channel,publishedAt,views,likes,comments,region
ko70cExuzZM,Taylor Swift - The Fate of Ophelia (Official Music Video),Taylor Swift,2025-10-05T23:00:06Z,7734572,634900,35531,CA
1wqeccW5Yh8,KNIGHT OF THE SEVEN KINGDOMS TEASER 2026: House Of The Dragon & Game Of Thrones Easter Eggs,Emergency Awesome,2025-10-05T21:09:21Z,57525,1862,188,CA
XZhXFbFCOu4,Race Highlights | 2025 Singapore Grand Prix,FORMULA 1,2025-10-05T14:34:17Z,3694129,77075,3599,CA
7HZxinyAvrw,One In A Million : Jordan Sandhu (Official Video) | Latest Punjabi Song 2025,Speed Records,2025-10-04T11:31:28Z,4378253,22399,2353,CA
Wbtu1hJneCQ,The Dragon King | The Silver Queen Teaser,The Dragon Prince,2025-10-04T19:00:29Z,243482,18553,1055,CA
k1BDlJ9Ms0k,Opening Strawberry Elephant LUCKY BLOCKS in Steal a Brainrot..,CaylusBlox,2025-10-05T17:11:26Z,1058818,15529,3400,CA
ZhlfHRpDih0,"PERFECT - Lyric Video | Guru Randhawa, Varun Dhawan, Janhvi Kapoor | Sunny Sanskari Ki Tulsi Kumari",SonyMusicIndiaVEVO,2025-10-01T03:30:22Z,334963,4562,104,CA
s71CLs9meRw,John Candy: I Like Me - Official Teaser Trailer (2025) Documentary,IGN,2025-10-03T23:00:54Z,221078,1972,147,CA
t4KXpr1kPBc,LEVEL 1 CLASH ROYALE,Jynxzi,2025-10-05T23:06:17Z,450626,11431,840,CA
oLTe_ZXIEdE,GURU RANDHAWA - PAN INDIA - MV - BHUSHAN KUMAR,T-Series,2025-10-06T05:30:06Z,2515800,145112,8132,CA
KVspoIbac9M,Tower Defense Simulator | Halloween 2025 Trailer,Paradoxum Games,2025-10-04T17:17:56Z,148498,6906,1581,CA
Z0Qg8FHPKHI,I Got My OWN BASE in Steal a Brainrot...,CashBlox,2025-10-05T11:00:57Z,1198168,62139,3241,CA
gW2E4IKJ3Ig,Shadmehr Aghili -Mamnoon OFFICIAL MUSIC VIDEO شادمهر-ممنون,Real Shadmehr - Official,2025-10-05T16:30:15Z,44047,2145,1136,CA
Qv_1m8nFFHA,I Tried ADMIN ONLY SECRETS in Steal a Brainrot!!,KAYE,2025-10-05T19:08:29Z,377256,6954,1539,CA
137CayIDBfI,Chana Teri Khair Mangdi - Kuldeep Manak X Beat Smoke Ride,Kuldeep Manak,2025-09-28T10:24:41Z,68515,522,12,CA
l4pMThq1oQI,We Ruined Left 4 Dead 2 with Mods AGAIN,SMii7Y,2025-10-05T20:54:00Z,584286,30935,1130,CA
EDqCqD2O1Bs,N0L4B3L,MCK // Nger,2025-10-05T20:09:29Z,367910,36240,3319,CA
idLJLdNQJdE,GTA5 - INSANE Prison Heist Finale With Pasta! [Part 2],VanossGaming,2025-10-05T22:05:11Z,308598,22423,917,CA
jLXm_xELHjo,HIMRA & DOPE FAMILY (DOPELYM X LAMOULA$ X KAGE) - BOMBARDER (Clip Officiel),Himra officiel,2025-10-05T01:06:26Z,334352,44789,3908,CA
bt0zJCMjrB8,AI just tried to kill someone to avoid shutdown..,Asmongold TV  ,2025-10-06T04:00:45Z,342251,19840,5685,CA
--Vbey0sV8E,Teddy Swims - NRL Grand Final (Full Performance),Teddy Swims,2025-10-05T23:42:57Z,88561,5217,519,CA
G1_diSlS3wc,I Tamed EVERY Animal in 99 Nights in the Forest,Koopekool,2025-10-05T22:00:24Z,443922,6252,805,CA
rOZLWINROkI,Rahel Haile – Tetabeb New Tigrigna Music (Official Music Video)- ተጣበብ,Bridge Sounds ,2025-10-03T12:41:30Z,205215,6836,486,CA
28_KFa02DlA,"People Asked for a City, I Built Them a Nightmare",Let's Game It Out,2025-10-05T14:53:30Z,800966,46755,2003,CA
e9ELysWKG78,"John Denver - Take Me Home, Country Roads (Lyrics)",7clouds Acoustic,2025-09-28T21:56:57Z,190421,719,18,CA
lKmS83P-t6I,The First Thumbnail Never Happened | Ghost of Yotei [2],CoryxKenshin,2025-10-04T21:47:24Z,2277734,190319,19635,CA
GnUW4AF1LZo,Just the Way You Are,Bruno Mars - Topic,2025-10-02T10:02:14Z,2148195,15179,42,CA
K_kIfsG2zrU,SURVIVNG 99 NIGHTS with a PET BEAR in 99 NIGHTS IN THE FOREST... *NEW TAMING UPDATE*,Lana's Life,2025-10-05T16:30:16Z,575688,8549,2180,CA
2drBOxrFl4s,"Aap Ki Kashish - Full Video Song |Aashiq Banaya Aapne | Himesh Reshammiya | Emraan Hashmi,Tanushree",T-Series Bollywood Classics,2025-10-03T13:30:02Z,386389,3675,129,CA
0_8fo98Tnww,I Entered Roblox Big Brother...,Joe Bart Games,2025-10-05T22:44:56Z,166072,4867,340,CA
ECXg-a7XZQI,Megadeth - Tipping Point (Official Music Video),Megadeth,2025-10-03T15:00:07Z,859917,80377,8154,CA
8VdHp0ZoryE,skibidi toilet 79 (part 3),DaFuq!?Boom!,2025-10-06T06:15:09Z,1285750,162005,27463,CA
a3hk67pqQQs,Taylor Swift - The Fate Of Ophelia (Lyrics),TrendingTracks,2025-10-03T04:02:12Z,636893,8245,433,CA
6xKf-giSd8Y,$250 Spins Hoping History Repeats Itself,Vegas Matt,2025-10-05T18:45:00Z,288461,17956,3283,CA
P-ODL0IgYlw,Tere Naal Pyar Ho Gya | Nirvair Pannu | Tanu Grewal | SVCW | 10 October | Jass Records,Jass Records,2025-10-03T11:30:09Z,1639942,23061,2119,CA
gy4wKNHwCTM,This Slide Isn’t Legal… (Waterpark Sim Episode 23),CaseOh,2025-10-05T22:00:46Z,317094,18261,1376,CA
fipwsCqHGqU,We built an 'Unraidable' Wizard Tower in Vanilla Rust... Ft Stevie,Willjum,2025-10-05T16:37:52Z,342448,14020,933,CA
Q4ZdRYQmHvM,Veto Official Gameplay Reveal // VALORANT,VALORANT,2025-10-05T10:35:00Z,422596,18813,1439,CA
F5Jd7ZSt8ak,We Broke ALL 206 BONES in Skate..,Caylus  ,2025-10-05T17:53:42Z,202755,7595,541,CA
b6DRZbYwpbk,REAL MADRID 3 - 1 VILLARREAL CF | RESUMEN LALIGA EA SPORTS,LALIGA EA SPORTS,2025-10-04T21:15:59Z,3548555,60130,2638,CA
eQrUWCd79rU,ROBLOX MONSTER PETS..??,Tyler & Snowi,2025-10-05T21:42:00Z,337519,6038,161,CA
2u25NZwlSH0,stealing the best brainrot in the world,steak,2025-10-05T22:31:48Z,278745,10016,329,CA
a8FciLdbkXA,I Got Minecraft's Strongest Armor,ManePear,2025-10-06T01:09:21Z,190414,8865,1108,CA
akenijWKXzw,Join the Skeleton Army Evolution!,Clash Royale,2025-10-04T14:55:41Z,2799648,115452,2033,CA
HkJuEcNu_8E,NRG vs. FNC — VALORANT Champions Paris — Grand Finals,VALORANT Champions Tour,2025-10-05T17:50:46Z,2692989,39900,190,CA
grX9BcXyqAo,STEAL A BRAINROT GIVEAWAY LIVE | STEAL A BRAINROT FREE SECRETS + FREE BRAINROT GODS,Joxy,2025-10-05T23:49:37Z,401845,15013,24,CA
YIz-eUUlLCQ,ANIME Pillar Battles in Minecraft,SSundee,2025-10-05T17:30:09Z,317638,13302,669,CA
UFJXkTr-Yv0,MOST INSANE GRAND FINAL! - FNATIC vs NRG - VCT Paris 2025,ohnepixel raw,2025-10-05T20:41:16Z,79275,3056,270,CA
jk9VRmlqpmA,Veto All Abilities Explained | VALORANT New Agent,Kanga,2025-10-05T12:06:47Z,174679,3940,476,CA
9XwIY6HxKJE,I STOLE THE 8 RAREST BRAINROTS!,Foltyn,2025-10-04T23:58:02Z,1564217,19287,4484,CA
mPKFLAkPyBQ,"Steal A Brainrot, But My Brainrots Can Breed",SoraBlox,2025-10-05T16:33:37Z,397347,2543,541,CA
sLGWr3kc_n8,The Greatest Champions In VCT History (FNS Reacts to 2025 VCT Champions | FNATIC vs NRG),FNS,2025-10-05T19:43:26Z,54422,2195,165,CA
mfKsyONofac,TenZ TESTS & REACTS TO *NEW* BROKEN AGENT VETO !!!,TenZ,2025-10-05T10:34:09Z,768378,22534,944,CA
CXod4W8LEBk,NEW PET TAMING is INSANE in 99 Nights in the Forest!,yalc,2025-10-05T07:46:55Z,1186157,11068,1462,CA
2MVTj-T2RBk,Fortnitemares FINALLY DID IT!,Top5Gaming,2025-10-05T21:28:42Z,280861,7013,302,CA
gUsUYcQegwA,grow a garden admin abuse (stormy sunday),KreekCraft,2025-10-05T18:52:21Z,722344,12975,307,CA
avktGMCwdws,GP Explorer 3 : Journée du Samedi - Rediffusion Squeezie du 04/10,Squeezie - Rediffusions,2025-10-04T22:40:59Z,459320,15153,247,CA
1wZb5X5mEmk,What scares the Grumps? | Until Dawn [2],GameGrumps,2025-10-05T17:00:05Z,95998,5951,494,CA
e23e6Fmrm3w,How The Shopkeeper Acts when you leave... (Steal a Brainrot),Dash Roblox,2025-10-05T12:30:54Z,421723,4268,644,CA
z4wNwZ6fQk0,The Town will fall... - Vampires SMP - Ep.4,Dangthatsalongname,2025-10-05T16:01:39Z,103155,11674,419,CA
huuVjrF10F0,Another video about SBMM in CALL OF DUTY,FaZe Jev,2025-10-05T21:07:02Z,215503,10429,1221,CA
aLStqrj0edU,The Divisional Playoffs Got Heated! Wheel of MUT! Ep. #7 ,MMG,2025-10-06T00:28:32Z,198587,9310,446,CA
ndHVj_X_xe0,I Used SECRET TUNNELS to Steal Update Brainrots 😂,Doodle and Arkey,2025-10-05T23:06:00Z,182303,2755,692,CA
qVTsD6a27ec,J’ai ouvert 100 Nouveaux LOS LUCKY BLOCK ultra CHEATÉ !,Unchained_Off,2025-10-05T07:11:45Z,596502,11325,952,CA
Qxoq3peB44w,The World’s FUNNIEST Grow a Garden SHORTS! (VIRAL),Vindooly,2025-10-05T17:30:05Z,126087,4187,467,CA
ncwLv4fKDUg,Roblox Grow A Garden FUNNIEST MOMENTS!!,FoltynPlays,2025-10-05T19:16:30Z,136816,4293,994,CA
NqRAcM73EnA,matthew,Ken,2025-10-05T11:45:02Z,335830,21599,1897,CA
zNdH72QXOEw,DO NOT Download These Cute Games ...They're Actually HAUNTED 27,LaurenZside,2025-10-05T15:54:12Z,157757,9960,991,CA
CvEi-ygjpMY,The NEW Flamingo,Flamingo,2025-10-04T23:49:30Z,959472,57127,5885,CA
2mAV1AT5Ivw,J'AI VOLÉ TOUS LES NOUVEAUX BRAINROTS !! (Pack Opening XXL),Kevko,2025-10-05T11:21:19Z,364077,6807,661,CA
aTOJio74zjI,A Game About Feeding A Black Hole,ImCade,2025-10-05T15:00:02Z,137572,4262,198,CA
9PtI1wR-O8k,INSANE GRAND FINAL! Tarik Reacts to NRG vs FNATIC | VCT Champions Paris 2025,tarik,2025-10-05T20:22:56Z,51396,1244,87,CA
ZLoLAyeLe-c,What I Learned from Getting 3 Middle-aged Men Addicted to Minecraft,McKay,2025-10-05T03:00:06Z,239217,39732,2735,CA
hlIVYlxLBBg,A HORRIFYING TRUTH | The Butterfly,Markiplier,2025-10-04T16:01:11Z,894278,58397,1431,CA
nso3ie-cQGI,One Vampire at an all BOYS Sleepover!,Aphmau,2025-10-05T19:15:07Z,204690,6543,912,CA
9uE3WKlOcTA,LVL 2 GOOD DEATH!,Thebausffs,2025-10-05T14:00:14Z,290608,12959,347,CA
KJbwf9AipNg,Casino Staff Couldn’t Believe It Happened TWICE in Minutes!,Lady Luck HQ,2025-10-05T20:30:05Z,117405,6249,3238,CA
wGnP5rr6tWQ,CART RIDE - ROBLOX,Maizen,2025-10-05T11:01:27Z,391151,2709,293,CA
nyOKjt3wRSU,"We Fired Over $10,000 on Slots! Ft. Cabrzy",Brettski,2025-10-05T20:00:35Z,86734,3433,274,CA
wbaHJPaqc9w,Assassin's Creed Mirage: Valley of Memory,Ubisoft,2025-10-05T16:01:40Z,201655,9711,1073,CA
pwnhGzn99OU,Playing as a BABY OWL in the FOREST!,Dash,2025-10-05T13:01:36Z,233330,2807,258,CA
yY1Tubo0Fco,I Takeover Barcelona for 10 Seasons… in FC 26,S2G,2025-10-05T13:22:21Z,344780,16521,2270,CA
DrebZyMNjkE,Zoey and Mystery get MARRIED In Roblox! (Kpop Demon Hunters),Huntrix Friends,2025-10-05T11:00:18Z,273190,7207,1494,CA
6uC4vrb4eJY,Aaron's Wedding | Mermaid Tales: The Black Lullaby [Ep.5],Aphmau Diaries,2025-10-06T00:30:11Z,98416,8681,1234,CA
fOS10VEgpuk,"FLoB-a-Thon 2025 - Day 69 - ""THE FAR LANDS""",Far Lands or Bust with KurtJMac,2025-10-05T21:00:47Z,62867,11136,1884,CA
NcEMYRA2TRw,Using ADMIN To CHEAT in 99 Nights in the Forest!,Socksfor3,2025-10-05T23:24:24Z,106050,2679,566,CA
1L0vhcXu214,We Attempted The Insane 4 Player Pokemon Nuzlocke,UnitedGamer,2025-10-05T15:46:47Z,122161,9204,979,CA
yMbu6fBxyaw,I Carried an E-GIRL to DAY 500 in 99 Nights in The Forest!,ZexZel,2025-10-04T20:02:40Z,171954,5968,636,CA
O3yDFgAIu0U,I built a BOARDING SCHOOL in The Sims 4,lilsimsie,2025-10-05T19:00:18Z,96224,5462,263,CA
ufKF3og9Of8,What can you combine in Minecraft?,PrestonPlayz,2025-10-04T14:15:08Z,774649,12764,552,CA
7rR78m5Fkic,10 Video Game Things That Were AHEAD Of Their Time,gameranx,2025-10-05T14:43:44Z,195563,7247,635,CA
cIlbQArxLVg,Which internet culture would build the best civilization?,GrayStillPlays,2025-10-05T20:00:15Z,54561,2966,116,CA
DOYMIMXRjEY,CAYLUS AND STEAK REACT TO MY CRAZY TOP 100 STEAL A BRAINROT BASE 💀🔥,rustynickle40,2025-10-05T23:44:32Z,109876,2326,973,CA
_Xlb8mlE71U,I SEE IT NOW | Vampires: Episode 4,PearlescentMoon,2025-10-05T18:48:15Z,49245,5588,326,CA
eSmyPjKLFwk,Lifesteal SMP Guess The Impostor,Pangi,2025-10-05T17:30:19Z,70451,4045,264,CA
PLEW0tLjNJ4,I Built MY DREAM Base in Roblox 99 Nights in the Forest!,ItsFunneh,2025-10-04T21:00:22Z,699722,31168,2798,CA
JYrokL2lmCk,Defeating The Most BRAINROT Slap Tower EVER... (i lost braincells),Nizarisaqt,2025-10-05T17:30:13Z,157491,2500,551,CA
msbuTfUETqY,"🚨ENTIRE CASINO STOPPED Watching This $1,000 Max Bet DRAGON LINK Run",NG Slot,2025-10-05T18:00:44Z,92090,4117,167,CA
M49RvPJtNcU,New Battles Modes Explained - Clash of Clans Update!,Judo Sloth Gaming,2025-10-05T12:00:39Z,466229,21655,1741,CA
T0IW18nWxTs,Unlocking DARK MATTER for FREEZE RAY in Roblox Rivals..,TanqR,2025-10-05T20:20:58Z,114032,3705,998,CA
I3zyC0YCZjA,"Roblox Steal a Brainrot - Lucky Block Opening, October 6th",JustAlx,2025-10-06T02:20:00Z,592782,15656,0,CA
VddGwvXs1gw,WORLDS 2025 LPL TEAMS BREAKDOWN - MAJOR REGION RUNDOWN FT NYMAERA,Caedrel,2025-10-05T16:36:58Z,110227,4940,348,CA
gHfRpTMwyJs,I STOLE THE 8 SECRET BRAINROTS...,MoreNizarisaqt ,2025-10-05T20:00:26Z,114414,1924,282,CA
xRjSP-PZuUA,The pinnacle of mid game | The GMs Ep. 3,Muts,2025-10-05T18:12:30Z,37919,2008,117,CA
P-TIN2A8KXM,WE WON!!!!!!!!! WE WON!!!!!!!!!!!!!,GothamChess,2025-10-05T07:45:05Z,352449,17035,1435,CA
jHVSVHo3gBA,I'm Forced To Test Pills With Horrifying Side Effects - SIDE EFFECTS Large Update,ManlyBadassHero,2025-10-05T20:21:34Z,107889,5297,283,CA
21oURhdGnhY,Fanta Tsunami vs Doomsday Bunker in Minecraft!,Johnny Minecraft,2025-10-05T21:05:21Z,135003,2287,234,CA
JDuUbCDz7Cs,I Gambled at the Oldest & Newest Casino!,Bluff,2025-10-05T16:00:10Z,111038,3310,404,CA
Fu_VDZ3Q3ps,You’ve NEVER seen a FNAF free roam THIS fast…,3FS,2025-10-04T21:34:58Z,691803,45579,2537,CA
3lCJCGFDtkQ,Overthrowing our stupid captain and immediately regretting it,CHRBRG,2025-10-05T19:36:47Z,106913,7973,327,CA
0i2SXb_3D9k,This Is A Game About Cutting A Tree,DangerouslyFunny,2025-10-06T02:00:01Z,62756,2248,194,CA
JLtsxBP5SxQ,The Road To Maxing Is Almost OVER,Odablock,2025-10-05T17:17:31Z,67812,4153,176,CA
EVn3TI89dWI,SUNDAY AGAIN,DrDonut,2025-10-06T03:29:01Z,40307,1272,39,CA
-wIcSNesMKU,Rare FULL SCREEN Every Gambler DREAMS For!! ( I DID IT),Mr. Hand Pay,2025-10-05T21:00:00Z,85938,3380,680,CA
btuVm8pUwx8,I'm Dealing Again...,Yumi,2025-10-05T21:16:52Z,67932,5004,191,CA
XzZmo9HUZHk,$0 to $1 TRILLION with FOOD ONLY Brainrots...,Techy Plays,2025-10-05T20:15:02Z,133920,2162,343,CA
0lfcvXcvEm4,We Punched WALLS To Make TRILLIONS in Roblox!,RoBros,2025-10-05T16:58:09Z,136175,2350,399,CA
nmfpYFnCbbY,A Farewell to Remember :: Minecraft Hermitcraft,BdoubleO100,2025-10-05T14:02:37Z,133100,15594,994,CA
O8ouRPbdDH4,SOLO Player VS Minecraft's Deadliest Team,FlameFrags,2025-10-06T05:57:06Z,119671,12249,2192,CA
cNl35GM7Pu4,this place is falling apart 🥦 very veggie legacy #25 (the sims 4),Vixella,2025-10-05T17:00:56Z,43134,4584,125,CA
wARL7VqvyKY,J'OUVRE les NOUVEAUX Los LUCKY BLOCK sur Steal a Brainrot,Jeanfils,2025-10-05T14:30:54Z,93947,1706,123,CA
LO67SngAcsI,Selling a GOLDEN $100k CAR at my dealership!,Real Civil Engineer,2025-10-05T16:00:38Z,132215,7976,424,CA
-AFZiNvsQp4,I Got Nothing But Tier 4 Items,Lazy Mattman,2025-10-06T04:00:01Z,50437,3031,285,CA
DDWcEIuFZiE,I GOT BULLIED BY CHILDREN ON ROBLOX,avascreams,2025-10-05T21:32:00Z,33892,4096,301,CA
HPn9mego2ZA,I Unlocked NEW MAX REBIRTH to Become Worlds First $100 Trillion Leaderboard Player,BachaBlox,2025-10-05T16:52:14Z,195748,3001,780,CA
zRNOsbGHKO4,Sammy x Jandel | HEAT ❤ | #stealabrainrot #growagarden | #roadto50k ,zii. (Зии.),2025-10-05T18:56:58Z,174029,1249,1007,CA
vMa7UU8UJ8Y,J'ai installé les PIRES Packs de Texture de Minecraft,Fiouze,2025-10-05T16:43:42Z,90083,7066,249,CA
sFvY1YEILX0,"Yu-Gi-Oh! TCG YCS Anaheim, CA - Day 2",Official Yu-Gi-Oh! TRADING CARD GAME,2025-10-06T03:08:02Z,148535,,17,CA
PBRHui62bh4,The Greatest Hiker Run You've Ever Seen,Roffle Lite,2025-10-06T01:00:33Z,35424,1330,110,CA
THF_u1AJb5k,The Stingray Is Pretty Crazy,Spookston,2025-10-05T16:30:10Z,166646,11704,999,CA
CV1r0-dwGSw,Making Golden AXE in 99 Nights in the Forest🔦,Sunny and Melon,2025-10-05T19:30:01Z,102031,1242,211,CA
jKAT9EmWljU,Wheelspin vs Wheelspin! - Forza Horizon 5,Goosiest,2025-10-05T16:34:26Z,98041,4866,695,CA
3s6zowJZJSY,Silent Hill Homecoming - What Happened?,Matt McMuscles,2025-10-05T16:00:06Z,73709,4997,341,CA
sftG8WOVqX0,I made a Pokemon Gameshow that turns YouTubers against each other,DeliciousJames,2025-10-05T16:30:21Z,72746,3741,291,CA
V-0395F1evY,BAUSENLAW + FUNDAMENTALS = MUNDO PUSH,AloisNL,2025-10-05T19:00:22Z,90379,4140,100,CA
q0mjZN3F1yY,Treyarch is FINALLY LISTENING... Were They Forced?,MrRoflWaffles,2025-10-05T19:50:38Z,125521,4565,963,CA
ufA340dXTXA,ESL Pro League S22 - Day 7 Stream B - FULL SHOW,ESL Counter-Strike,2025-10-05T19:55:32Z,768789,4461,12,CA
QuGTK4dQXOQ,THE RETURN OF SIDEMEN PRO CLUBS,MoreSidemen,2025-10-04T20:55:00Z,1033410,37754,1177,CA
-BTEggEiG4w,Play This Deck Before It Gets NERFED!!,Ryley LIVE,2025-10-05T09:08:54Z,95358,3529,122,CA
QZi1w69TMOs,Ranking EVERY New Feature in the Minecraft Copper Age Drop!,Odyssey Central,2025-10-05T16:00:46Z,78674,4743,520,CA
tr-DnSy0s2k,I FOUND The Most TOXIC Black Widow Haters in Marvel Rivals,Deemerz,2025-10-05T21:26:14Z,37447,2445,577,CA
8hJw0xm-Nxw,QUE TRÉPASSE SI JE FAIBLIS ( Dark Souls #2 ),Sylvain Lyve - Best Of Twitch,2025-10-05T08:00:11Z,110592,6272,203,CA
BpWsBLttcnU,NOOO NOT THIS THING AGAIN.,Phoenix SC,2025-10-05T22:00:04Z,192631,12116,1009,CA
jHsKFIggo18,Battling A Literal Pokemon Professional In VGC Draft,shadypenguinn,2025-10-05T15:30:08Z,64163,4952,234,CA
uW4FgPlbhyg,(VERIFYING) GRIEF 80% // 65%+ x54 // STREAM 275,Doggie,2025-10-06T03:54:33Z,57356,2526,112,CA
WNyRt-XJfr8,Marvel Rivals IGNITE | AMER Stage 2｜Group Stage Day 8 (UTC-4),Marvel Rivals,2025-10-06T03:32:15Z,28332,463,8,CA
IYGI-PzKxp8,Why I Ate My Friend's ENTIRE World...,Firelight,2025-10-05T02:00:27Z,379359,5003,323,CA
hagGuNGnY-I,The Exact Moment He Realized I'm Hacking...,jmancurly,2025-10-05T18:58:46Z,72916,1837,824,CA
BUXrdwgPwFQ,The Most HARDCORE Megabonk Run! 5 Million Gold Robinette,Dex,2025-10-05T19:00:12Z,83319,2111,168,CA
Xpe7fKZBx3E,Triple Flatbed Trailer McQueen Transportation with Truck - Speedbumps vs Cars vs Train - BeamNG #,MBK BEAMNG,2025-10-05T12:00:23Z,854377,4776,125,CA
WgLZ4q8qWlE,Boys vs Girls in 99 Nights In The Forest…,Daaash,2025-10-05T21:42:53Z,59302,799,179,CA
7sfxB994Rbs,I Spent 150 Hours in Plants vs Brainrots,Bax,2025-10-05T21:13:27Z,48517,930,113,CA
ijpF520GhKI,Defeating L9_GUYKISSER67,rekrap1,2025-10-05T13:30:50Z,255355,13453,880,CA
wqd37QfDQRI,TRIBUNAL DES BANNIS #5,Wankil Studio - Laink et Terracid,2025-10-05T12:01:42Z,326723,29613,360,CA
-heSybWt8UI,50 Things You Need to Know Before Pokémon Legends Z-A,MunchingOrange,2025-10-05T22:00:01Z,66587,2750,439,CA
30HddHgD0oU,Harmless Pranks - Modded Minecraft,Neebs Gaming,2025-10-05T16:00:05Z,64005,5588,249,CA
jIoNh4Pfvoc,Never Have I Ever FLIRTED WITH LILY!,Omz,2025-10-05T19:06:22Z,109382,2298,320,CA
OdrUJcDYT3Q,Hermitcraft 10: Episode 41 - THE HOMESTRETCH!,Grian,2025-10-04T17:00:35Z,550874,42243,1391,CA
lPAQOoUMFE0,الرجل العنكبوت انقاذ باتمان Spider-Man Rescue batman vs iron man vs venom funny Game GTA 5 superhero,GTA Addiction,2025-10-05T10:01:14Z,1044147,146630,3549,CA
FU7gid35qJ0,LOCK YOUR DOORS BEFORE YOU SLEEP OR IT WILL GET INSIDE (2 horror games),Kubz Scouts,2025-10-06T06:34:47Z,28613,4597,772,CA
1yAmfjBaKJo,Infinite Elixir Theory: Clash Royale’s Biggest Myth… Or Not!,Sweaty Clash,2025-10-05T19:34:58Z,62888,2670,160,CA
Ua5q9NnrnkI,"I Placed 10,000 Hidden Spikes Around Outpost",twig,2025-10-05T15:27:41Z,74674,5577,369,CA
Vw6_7h-8Tdk,Explaining Every Pursuer skin in Die of Death,TheEdgiestTaco,2025-10-05T19:04:14Z,96190,4408,603,CA
rDYucFC6rVE,Gen Rushing in Solo is VERY FUN!,JRM,2025-10-05T12:44:09Z,135796,7324,252,CA
MViS9CrpOAY,The Future of Xbox...,Spawn Wave,2025-10-05T22:51:08Z,64612,3685,1333,CA
bk6IIS8UMOQ,Losing My MIND Obtaining WIND ELEMENTAL Rod in Fisch..,FreezaReborn,2025-10-05T20:15:14Z,53511,1025,167,CA
fdgkuQP1vfE,The HIGHEST DAMAGE Gun in Borderlands 4 (5X Damage!) // Borderlands 4 Legendary Bod Breakdown,Moxsy,2025-10-05T17:29:57Z,86241,2201,411,CA
82geeJnNW8o,Take The Wrong Pill & Die | Side Effects Roulette,Daz Games,2025-10-05T17:00:42Z,145586,8488,269,CA
U702FEukPng,"À Chaque Brainrot, Mon ÉCRAN Rétréci !",Toinelag Gaming,2025-10-04T09:42:27Z,728415,8410,527,CA
zRmsfPTPl88,We Tried Surviving The New Developer Killers… (FORSAKEN),CORSO,2025-10-05T21:58:51Z,90573,2867,307,CA
I0QGGn4WBc4,The 𝙂𝙍𝙀𝘼𝙏𝙀𝙎𝙏 Subnautica Mod Ever Made,IGP,2025-10-05T02:41:40Z,182897,9203,625,CA
HWLoVKgz4mc,Bloodthief,MoistCr1TiKaL Gaming,2025-10-06T00:34:51Z,41001,1355,150,CA
din_oidn5II,BATTLEFIELD 6 Revealed A BIG SURPRISE! (New LEAKS),WhosImmortal,2025-10-05T21:37:35Z,29365,1044,242,CA
7W47Zp3AGrk,I’ve Never Been This Scared Playing WoW..,Xaryu,2025-10-05T20:30:01Z,30739,786,98,CA
lC6Y8FN73Rc,playing roblox with the 67 kid,Cruz,2025-10-06T00:56:29Z,106589,2906,518,CA
RGoQCy2BlMw,"I Beat Every ""Impossible"" Minecraft Seed",Beppo,2025-10-04T03:59:24Z,1447085,40652,1350,CA
p14yrmxOvGw,100 Players Simulate Minecraft's Skyblock Tournament!,Neo's Mind,2025-10-05T14:45:30Z,106220,4005,528,CA
b0rrbIRMJVw,they found my face reveal...,Kreative Kyle,2025-10-05T14:33:00Z,111114,5930,1477,CA
m6wn3xqsCVw,"I Opened 1,000,000 Chests in 99 Nights in the Forest!",Grave,2025-10-05T22:00:48Z,86167,1201,406,CA
8kOW-u2XmEA,Forcing my friends to enjoy Kirby Air Ride,Failboat,2025-10-06T00:11:01Z,71003,4859,344,CA
wsqbfs-6W_g,The percentage is a lie (Cloverpit),Northernlion,2025-10-05T17:01:12Z,49718,1071,89,CA
Fig5JzwgDck,Skate 4 Glitches are Getting MORE Insane...,ZexyZek,2025-10-04T16:00:25Z,388633,11018,494,CA
bzTHvLg6nyY,Its the end of EA as we know it & I feel fine,It'sAGundam,2025-10-05T17:11:43Z,100312,10066,1416,CA
dNcIYPSWOaA,[NRG & FNC] Post-Match Press Conference at VCT Champions Paris 2025,VALO2ASIA,2025-10-05T18:42:56Z,79176,1871,14,CA
d5hmQeCb92g,EPIC GRAND FINAL! FNATIC vs NRG - HIGHLIGHTS | Valorant Champions 2025,Daily Valorant,2025-10-05T16:48:25Z,53625,969,311,CA
_1vA9v8IAYk,I Collected EVERY Mob In Minecraft,Carvs,2025-10-04T11:01:05Z,463671,13587,2663,CA
pqwZ1mYM4v0,The Worst Pokemon Evolutions,WolfeyVGC,2025-10-04T15:18:39Z,514950,26330,1208,CA
HbBOBskTNs4,Thank You For The Perfect Jackpot,VegasLowRoller,2025-10-05T22:00:18Z,37486,1599,36,CA
qdSA9UU-1fo,I Upgraded My LITTLE BROTHERS Steal A Brainrot Account,ProjectSupreme,2025-10-05T17:49:00Z,64678,800,154,CA
4-ziiXRDilE,Overwatch has gone too far...,Frogger,2025-10-05T21:00:06Z,83618,6639,268,CA
sbb1C6M_b5k,I GAVE THIS LUX A MENTAL BREAKDOWN WITH ONE SHOT SNIPER CAITLYN! (SHE RAGED ALL GAME),TC Zwag,2025-10-05T20:00:35Z,65832,3034,183,CA
3yyGeuZvub4,Cheaters Are Panicking Because of This,SirPugger,2025-10-06T00:21:29Z,41759,1544,517,CA
lqIL5XSTwkk,Arena World Championship 2025 | Cup 1 | Championship Sunday,World of Warcraft,2025-10-06T02:31:48Z,60874,744,17,CA
WFha8pWTNac,Adopted by 67 KID FAMILY in Minecraft!,Drift,2025-10-05T02:00:35Z,463044,8301,1999,CA
NTQ8DrqxcSs,🔴LIVE: ADMIN ABUSE?!?! SECRET MYSTERY LUCKY BLOCK OPENING🔴,Lispy Roblox,2025-10-06T02:48:10Z,388260,8832,4,CA
1A84gHZcDQo,I can't believe it. Black Ops 7 has almost won me over with the SBMM removal.,Blame Truth - The CODfather,2025-10-05T23:57:15Z,58616,4644,1894,CA
RoP4_XB51qY,Welcome to the Jungle – Kingdom Hearts [8],chuggaaconroy,2025-10-05T21:00:24Z,34716,2670,861,CA
37PLwDaj7sU,99 CHEMISTRY.EXE,NoahsNoah2,2025-10-05T20:02:13Z,135501,17263,540,CA
qNcIP0HQE4g,I UNLOCKED EVERY NEW BRAINROT in Roblox Steal A Brainrot!,manofTaj,2025-10-05T09:01:18Z,346963,2569,302,CA
2vuuPrk_lII,[Hindi] BMSD 2025 | Semi Finals | Day 2,KRAFTON INDIA ESPORTS,2025-10-05T15:22:32Z,3091239,91859,224,CA
