video_id,title,channel,publishedAt,views,likes,comments,region
ko70cExuzZM,Taylor Swift - The Fate of Ophelia (Official Music Video),Taylor Swift,2025-10-05T23:00:06Z,7734572,634900,35531,DE
2e342-h3J-8,Offizieller Teaser - MANHUNT Staffel 3,Manhunt,2025-10-05T16:00:05Z,25953,2815,323,DE
vPj_m15ziP4,Das Spiel ist besser als Mario Party...,Papaplatte Gaming,2025-10-05T16:01:35Z,222342,12518,175,DE
gW2E4IKJ3Ig,Shadmehr Aghili -Mamnoon OFFICIAL MUSIC VIDEO شادمهر-ممنون,Real Shadmehr - Official,2025-10-05T16:30:15Z,44047,2145,1136,DE
NLc0v93SXLM,Der HAZBIN HOTEL - STAFFEL 2 Trailer verspricht VIELES!,Broady,2025-10-05T10:00:37Z,8064,943,136,DE
oJqbvHSGKjQ,Die Diamanten gönnen UNNORMAL! | Cloverpit,HandOfUncut,2025-10-05T15:01:28Z,147088,6450,227,DE
9u75Oma1Lvs,Uff Yaa (Preview),ZAH1DE - Topic,2025-10-04T16:04:23Z,32682,1718,195,DE
XZhXFbFCOu4,Race Highlights | 2025 Singapore Grand Prix,FORMULA 1,2025-10-05T14:34:17Z,3694129,77075,3599,DE
_GYm4YgM2Wc,ANIVAR-ТАКСИ,ANIVAR,2025-09-29T10:54:21Z,93776,1571,88,DE
tryfyhS3tb0,nur 0.01% KENNEN DIESES *NEUE* SECRET!,Standart Skill,2025-10-05T09:12:14Z,285516,5727,451,DE
EvNbcn7WfsE,SSIO x K.I.Z - Ich Ich Ich Ich Ich (Official Video),SSIO,2025-10-02T18:15:07Z,678797,51742,2137,DE
Qw4fv5PYP3U,😍🔥Die ERSTE LVL 15 KARTE endlich FREIGESCHALTET! - Unfassbarer FREE2PASS FORTSCHRITT | Trymacs,Trymacs,2025-10-05T09:15:05Z,169059,8611,59,DE
SSbrXfsIxIs,"Joe Cocker & Jennifer Warnes - Up Where We Belong (Night Of The Proms - Netherlands, Oct. 16, 1992)",Joe Cocker,2025-10-03T15:00:06Z,123461,2262,49,DE
54JFoxDCmGo,AUGEN PROBLEME,Cisko G,2025-10-05T16:00:13Z,84961,5857,195,DE
YpSbHlbHCsc,Durim Malaj - BOLL DUROVA (Official Music Video),Durim Malaj,2025-10-04T15:00:06Z,149491,1733,65,DE
Y-lX4wwRpkw,Meine 1. WEEKEND LEAGUE & REWARDS in EA FC 26 😨,GamerBrother,2025-10-05T08:00:40Z,123030,6829,101,DE
78Q8_HzVRpw,Huntrix - Golden (Lyrics) KPop Demon Hunters,Rap Fusion,2025-10-04T11:30:05Z,220953,931,27,DE
pYyC5zH23Kk,Ich BESCHÜTZE LAMINE YAMAL in GTA 5 RP!,iCrimax,2025-10-05T08:34:39Z,160682,3476,323,DE
y4oGfU13vr8,Cristi Dules ❌ Andrada Cerna - Mă suni noaptea pe la 3 (Official Video),Cristi Dules,2025-10-04T09:00:07Z,235064,3056,149,DE
9T-Mmh6GfAk,SBMM WURDE ENTFERNT (OFFIZIELL),HapticRush,2025-10-05T12:25:52Z,156407,15435,1114,DE
WnSmb-CrV2s,Naomi Jon - Hello Kitty (Official Video),Naomi Jon Music,2025-10-04T15:00:06Z,78637,11951,963,DE
7Ktu3MEaPIY,Ich springe von einem HOCHAUS | Skate,Paluten,2025-10-05T15:37:10Z,92763,4399,209,DE
Ks9MWuFstFw,Shaliani - Malli per Baben,Shaliani,2025-10-04T17:00:06Z,66914,2193,95,DE
39Qp-lwjt6s,10 ZUFÄLLIGE ROLLEN in Among Us,Benx,2025-10-05T15:38:06Z,67054,4483,268,DE
5Ri5NkwR-co,The Neighbourhood - Sweater Weather (Lyrics),Amazing Lyrics,2025-09-30T20:33:38Z,194510,474,13,DE
V1H9EmILrGA,BASTIGHG SPIELT ZUM 1. MAL LEGO PARTY,Bastian,2025-10-05T17:02:54Z,42702,2439,65,DE
EDqCqD2O1Bs,N0L4B3L,MCK // Nger,2025-10-05T20:09:29Z,367910,36240,3319,DE
8VdHp0ZoryE,skibidi toilet 79 (part 3),DaFuq!?Boom!,2025-10-06T06:15:09Z,1286068,162095,27465,DE
FERQCwUpva4,🎵 Manu Chao - Me Gustas Tu (Letra),Audio Music,2025-10-03T12:29:50Z,567958,4480,22,DE
MN_LYIei8fU,Chronisch Pleite trotz Überstunden 🏊 #19 • WATERPARK SIMULATOR,Gronkh,2025-10-05T14:00:37Z,33255,1639,29,DE
XLAhgktwkeY,Rihanna – Breakin' Dishes (Lyrics),After Beats,2025-10-01T15:27:07Z,193508,752,9,DE
LUlrnWN41s0,Ich baue den SCHLECHTESTEN Wasserpark,LUCREW,2025-10-05T14:00:26Z,73637,3551,354,DE
dJWU7jJ0BHA,Azahriah - herót,Azahriah,2025-10-05T15:01:05Z,109145,9244,528,DE
m1bLiEV8-6E,"😱ICH HOLE 15-0 in MEINER ERSTEN WEEKEND LEAGUE in EA FC 26🔥🏆 + TEAMBEWERTUNG, TAKTIK & REWARDS💥",SidneyEwekaGOTY,2025-10-05T12:07:56Z,63096,3742,57,DE
0n5kED5fPik,SEKA ALEKSIĆ -  LIVE 4 (IN THE HOUSE),Seka Aleksić,2025-10-05T09:59:03Z,37284,1645,118,DE
JjLHKC0nRh8,💪🏻🤣 Gegner HASSEN DIESES DECK 😂 Grand Challenge mit @BigSpinCR,SecondTry,2025-10-05T08:02:55Z,63969,2494,40,DE
IgmAtN8jMes,Bogdan DLP ✘ Arianna - Ce Te-as Suna | Official Video,Bogdan DLP,2025-10-03T16:00:06Z,1329453,22303,6010,DE
gNiO1rBmiyU,Kabinen STREIT eskaliert KOMPLETT!! 💥😳 | BVB Karriere #9,DerHansus,2025-10-05T07:45:05Z,70315,5104,197,DE
NpTfXTD0DsI,ANDROMEDA - MONTAGEM COMA (Extended),Valence,2025-09-28T14:00:38Z,982629,7322,48,DE
P6QrpETHXho,😱🤯MO LIGHT ERFINDET *NEUES* OP-DECK! (Ich bin begeistert) | Clash Royale Deutsch,BigSpin,2025-10-05T18:15:02Z,52384,2209,49,DE
co-9LDa_yGg,Backstreet Boys – Everybody (Backstreet's Back),Latin City,2025-09-30T16:13:40Z,125897,462,3,DE
MF7S8q6j0Tc,Ukri sprengt jedes GEHEIME MINECRAFT TNT in einem Video...,Ukri,2025-10-05T17:09:32Z,26334,769,65,DE
dA8QJq_kVCk,Toto - Africa (Lyrics),World of Healing,2025-10-01T13:01:18Z,187180,1093,15,DE
q9_SeNz_TWI,Ich KAUFE *ALLES* im NEUEN STEAL A BRAINROT UPDATE!!,StanniBunni,2025-10-05T03:30:47Z,180422,2138,202,DE
npkVhjzHEvg,Dani Mocanu - Vin mascatii | Official Video,Dani Mocanu © Oficial,2025-10-03T17:00:07Z,533059,22193,624,DE
28_KFa02DlA,"People Asked for a City, I Built Them a Nightmare",Let's Game It Out,2025-10-05T14:53:30Z,800966,46756,2003,DE
nzL0fXhG0v4,MUCCO - PUSH PUSH (Official Video),muccosyoutube,2025-10-02T22:00:06Z,132654,8825,415,DE
QuUV1oyxGDM,Wie viele FC POINTS kostet POTM Mbappé ?! 😳☠️ ALLE KARTEN SAMMELN SPEZIAL,JulianFGU,2025-10-05T17:30:12Z,19919,2869,496,DE
sI7_UpNeSDw,Der gestichelte Kater - Kapitel 2,Alligatoah - Topic,2025-10-04T19:02:39Z,12744,1132,58,DE
b6DRZbYwpbk,REAL MADRID 3 - 1 VILLARREAL CF | RESUMEN LALIGA EA SPORTS,LALIGA EA SPORTS,2025-10-04T21:15:59Z,3548555,60130,2638,DE
Pu5SN1fkwkg,Xezzo & Hamidshax - Come Back (Original Mix),Xezzo Music,2025-10-03T13:30:06Z,152834,1704,152,DE
q31j5RXGXkA,MUSIALA = NIE WIEDER ALTE FORM? 😱 GamerBrother REALTALK über MUSIALA COMEBACK 😬,GamerBrother STREAM HIGHLIGHTS,2025-10-05T10:01:30Z,57969,3190,67,DE
nC08ROatpRY,Men At Work - Down Under (Lyrics),levelonee,2025-09-28T16:25:01Z,257221,1448,13,DE
zUL_KiVShdA,Die SENSATION in der 1. WEEKEND LEAGUE & REWARDS 🏆😍 EA FC 26,Tisi Schubech,2025-10-05T08:01:13Z,43779,2142,18,DE
sKJBIIw_uuU,Montagem Supersonic (Super Slowed),NETU - Topic,2025-10-04T07:33:55Z,438828,4214,0,DE
4PEYfOTAGiQ,SONS OF GARMADON?! - Raafey REAGIERT auf NINJAGO Staffel 8 (Folge 1 & 2),Luufey,2025-10-05T18:00:48Z,20691,2535,257,DE
PgHvAXvBgnc,"TONI STORARO - SLED TEB / ТОНИ СТОРАРО - СЛЕД ТЕБ | Official 4K Video, 2025",Storaro Music,2025-10-03T14:00:50Z,327724,11826,252,DE
8S55VTygoPQ,STEAL A BRAINROT GIVEAWAY LIVE | STEAL A BRAINROT FREE SECRETS + FREE BRAINROT GODS,Joxy,2025-10-05T20:24:47Z,390810,15647,36,DE
NrHowyXHLRw,Katy Perry - The One That Got Away (Lyrics),Aquarius Music,2025-09-30T16:00:42Z,839093,1970,15,DE
6Hlxgbo7TCg,Ich habe das NEUE SECRET RITUAL freigeschalten in Steal A Brainrot!,LumeXx,2025-10-05T07:00:05Z,63003,808,120,DE
sppoZVzujdw,Ich habe EINEN HUND in 99 Nächte im Wald 🐕 (so süß),Dennome Roblox,2025-10-05T07:50:00Z,83114,2768,530,DE
nMfU-Wi9SQk,"Legenden Rework, Ranglisten Modus und Neuer Sternebonus im Oktober Update",iTzu Gaming,2025-10-05T12:01:27Z,36700,2415,475,DE
gHoDDqXldYM,FC 26: STEAL OR NO STEAL #03,proownez,2025-10-05T08:06:33Z,41742,2603,51,DE
75fM-iP2xis,Mein Wasserpark hat NEUE (total sichere) RUTSCHEN! | Waterpark Simulator,Jodarum Uncut,2025-10-05T14:00:10Z,20786,1205,108,DE
bt0zJCMjrB8,AI just tried to kill someone to avoid shutdown..,Asmongold TV  ,2025-10-06T04:00:45Z,342251,19840,5686,DE
akenijWKXzw,Join the Skeleton Army Evolution!,Clash Royale,2025-10-04T14:55:41Z,2799648,115452,2033,DE
OBPQ_j9G9OQ,Ich Zähme Das DEER In 99 Nights!,Viktor Live,2025-10-05T18:22:02Z,20631,379,29,DE
fipwsCqHGqU,We built an 'Unraidable' Wizard Tower in Vanilla Rust... Ft Stevie,Willjum,2025-10-05T16:37:52Z,342448,14020,933,DE
u4V1Ggsj2is,2 völlig kranke itch.io Horror Games,Auch Sterzik,2025-10-05T15:01:36Z,17171,1162,35,DE
f01p85kjoik,ESL Pro League S22 - Day 7 Stream A - FULL SHOW,ESL Counter-Strike,2025-10-05T18:57:21Z,854000,6007,23,DE
W7fq5QdWGWs,Ich benutze die WAFFEN vom OWNER in Roblox Rivals!,UkriBlox,2025-10-05T12:01:01Z,34656,802,36,DE
PUdgFRn0XU0,FC Barcelona Karriere - ABER ich muss JEDES TRANSFERANGEBOT ANNEHMEN! 👀🤑 (eskaliert!),Fabiano,2025-10-05T16:00:43Z,28512,1193,20,DE
SXuszHLXF54,Kurz vor TOP 100 + Secret Brainrots Verlosen + Admin Live Event Heute ? 😍 Roblox Steal a Brainrot,Jugger,2025-10-05T19:24:43Z,37980,1300,20,DE
UOZ4UApTvvE,WÄHLE DAS SELBE ITEM UM ZU GEWINNEN 🏆 (alle sind so lost...),Magican,2025-10-05T13:30:34Z,31704,1622,87,DE
SlG9QpMJ8Uo,100.000 FC POINTS entscheiden MBAPPÉ POTM FC 26 TEAM 🔥💰,Julius,2025-10-05T07:00:33Z,31713,1468,32,DE
fQTnnV34ijE,SCHADEN = BORDER (XXL FINALE),BastiGHG,2025-10-03T19:16:25Z,430723,25097,507,DE
XxyFxd3EsSo,ВОЙНА С МОИМ ЗЛЕЙШИМ ВРАГОМ В УКРАДИ БРЕЙНРОТА В МАЙНКРАФТ!,EdisonPts,2025-10-05T10:36:14Z,514597,23188,2715,DE
IXuomk2ovf0,Ich VERKAUFE MILLIONÄRS FISCHE in Roblox!,Paulberger,2025-10-05T16:10:30Z,35819,1177,100,DE
-tHappNg7jM,"Werde ich es schaffen, in Nellys Körper zu überleben in Minecraft?",Semlaki,2025-10-05T17:00:39Z,17864,428,25,DE
Q4ZdRYQmHvM,Veto Official Gameplay Reveal // VALORANT,VALORANT,2025-10-05T10:35:00Z,422596,18813,1439,DE
QC44-H1vnks,Der BREAKER hat mich WAHNSINNIG gemacht [World of Tanks 2.0],Propellermuetzentraeger,2025-10-05T12:40:33Z,31705,1961,78,DE
eW2mdOgF5Dg,Ich habe eine funktionierende DROHNE in Minecraft gebaut,LOGO,2025-10-05T15:02:32Z,21451,1337,52,DE
8tu55t_CzLQ,"Ich kann den Battlefield 6 Release echt nicht mehr erwarten, deswegen geht es bei BF4 rein",TheEkwah,2025-10-05T18:02:38Z,24128,1750,171,DE
9uE3WKlOcTA,LVL 2 GOOD DEATH!,Thebausffs,2025-10-05T14:00:14Z,290608,12959,347,DE
0UvD9LQKkhg,Was sich wirklich UNTER der Steal a Brainrot Map befindet...,BeuleRoblox,2025-10-05T13:00:47Z,14794,375,6,DE
ajn_NAvAozU,Ich habe 20 Tage in Mario Kart World gelebt☠️,Mikez,2025-10-05T14:00:06Z,20091,643,13,DE
Lbx7XCOsicY,"Die Funktion fehlt, die Drucke sind top: LEGO® Nintendo 72046 Gameboy",Held der Steine Inh. Thomas Panke,2025-10-04T08:00:33Z,256826,10906,1124,DE
JsBih1_9Kcc,"WIR BEREITEN UNS FÜR DIE WL VOR!🎮 NEUE SPIELER, NEUE FORMATION, NEUE TAKTIKEN UND VIELES MEHR!🔥",EliasN97,2025-10-04T09:00:19Z,107102,3651,19,DE
JNVrjM19Nl8,Let’s Play Pokémon Ultramond Randomizer Soullink #14 🌙🔗 Gibt es die ersten Opfer?,Huebschrauber,2025-10-05T16:00:36Z,10858,1757,163,DE
7S3R_1ppOAE,I Stole The 8 NEWEST Brainrots..,CaylusBlox,2025-10-05T00:50:34Z,2661118,25695,3783,DE
53uEeuAXPWQ,Das TIER UPDATE in 99 Nächte im Wald 🐈,Dennome,2025-10-05T06:50:00Z,45080,1333,116,DE
6gs2_0iECkg,So schlau war STAR WARS fast noch nie!,GameStar,2025-10-05T09:00:18Z,54677,2176,134,DE
LsFmD3yfzV4,"Call of Duty hat SBMM entfernt, aber es gibt ein Problem...",Fantou,2025-10-05T14:22:03Z,16062,979,242,DE
-wVAOW8RB9U,SBMM WURDE ENTFERNT,JohnRaqe,2025-10-05T08:31:36Z,38596,3438,553,DE
6yO-M3AKMnI,ОТКРЫЛ 1000 ЛОС ЛАКИ БЛОКОВ И ВЫБИЛ... СЕКРЕТНЫЙ БРЕЙНРОТ 0.5% в Steal a Brainrot!,EroxBlox,2025-10-05T11:10:27Z,438525,8012,1478,DE
zPe-stJRaqc,Das ENDE von Duoq?,Noway4u,2025-10-05T10:01:34Z,32403,1135,33,DE
kR2ltvED_g0,😱🥇MEIN NEUES 2.0 CYCLE ALLZEIT-REKORD DECK... (100% Skill!) | Clash Royale Deutsch,mortenroyale,2025-10-05T14:30:36Z,21275,1261,64,DE
0ozsfpXLsw8,Das FINALE der $1.000.000 WSOW war ein ABSOLUTER FIEBERTRAUM! | V1nKub,V2nKub,2025-10-05T15:55:46Z,13006,460,33,DE
Xpe7fKZBx3E,Triple Flatbed Trailer McQueen Transportation with Truck - Speedbumps vs Cars vs Train - BeamNG #,MBK BEAMNG,2025-10-05T12:00:23Z,854377,4776,125,DE
uEwPLTOhbAw,"ОНИ ВЕРНУЛИСЬ ЗА МНОЙ #1 | No, I`m not a human",Anastasiz,2025-10-05T15:49:32Z,132275,7433,340,DE
BUXrdwgPwFQ,The Most HARDCORE Megabonk Run! 5 Million Gold Robinette,Dex,2025-10-05T19:00:12Z,83319,2111,168,DE
OgDPJYDsqec,Das WAHRE ENDE von ICE SCREAM 8!🍦💀 (SECRET ENDING),IDzock,2025-10-05T13:12:45Z,31711,779,58,DE
ioZ6SXUCGe4,ICh LÖSCHE meinen STRAWBERRY ELEPHANT wegen REBIRTH LEVEL 16?,SYou,2025-10-05T06:00:38Z,46159,1062,112,DE
ktUXBYQN15Y,Großer Preis von Singapur Das Rennen | Formel 1 Live Watchparty  Livetiming,Lumi F1,2025-10-05T13:57:58Z,55505,416,2,DE
yNgzCIhoPLE,Ich Gebe 927.183.982 € Aus in Roblox Baue eine Achterbahn Mit meinen Verrückten Freunden.,SemBlox,2025-10-05T16:09:57Z,10724,218,8,DE
-xW9wADtD-c,ERHOLT SICH DER MARKT!?💰📉 ICON SBC KOMMT BALD?!🤔,TactiX,2025-10-06T03:59:24Z,4527,339,33,DE
5Y22pgU9kHs,"Spannende Runden mit Agenten, Touristen und dem Einsatz hinter feindlichen Linien! [WoT - Gameplay]",mouzAkrobat,2025-10-05T12:47:19Z,12081,1301,86,DE
WU7OcpaMfUg,DIE NEUEN BRAINROTS SIND DA + MEGA ADMIN ABUSE! 😍,Ikky Roblox,2025-10-05T07:00:36Z,32303,542,1509,DE
VolIRIWUzPg,DIE ERSTE WL AUF DEM PC 😱 HÄLT EA SEIN VERSPRECHEN ODER WIEDERHOLT SICH DAS GANZE!? 🤔 EAFC 26 PC RTG,Der KC,2025-10-05T17:27:01Z,6429,302,12,DE
V-0395F1evY,BAUSENLAW + FUNDAMENTALS = MUNDO PUSH,AloisNL,2025-10-05T19:00:22Z,90379,4140,100,DE
t4KXpr1kPBc,LEVEL 1 CLASH ROYALE,Jynxzi,2025-10-05T23:06:17Z,450626,11431,840,DE
uGaWWTb0spI,"Майнкрафт, но ЛОВУШКА в 1 БЛОК ЗА КОТОРУЮ НЕ БАНЯТ! Грифер шоу с нуля",Огород Домера,2025-10-05T11:42:02Z,315287,27179,1558,DE
lefh8Hldzgc,"УКРАДИ БРЕЙНРОТ, НО КАРТА ПРОКАЧАНА! МОД НА 10.000Х",ГЛЕНТ,2025-10-05T10:00:01Z,349803,10264,974,DE
OJv16uPuO9g,Long Slide Game With Cow Elephant Gorilla Hippopotamus Tiger 3d Animal Game Funny 3d Animals,Animals Tralala,2025-10-05T13:43:58Z,1264411,29962,3243,DE
Z0Qg8FHPKHI,I Got My OWN BASE in Steal a Brainrot...,CashBlox,2025-10-05T11:00:57Z,1198168,62142,3241,DE
O8ouRPbdDH4,SOLO Player VS Minecraft's Deadliest Team,FlameFrags,2025-10-06T05:57:06Z,119671,12249,2192,DE
l4pMThq1oQI,We Ruined Left 4 Dead 2 with Mods AGAIN,SMii7Y,2025-10-05T20:54:00Z,584286,30935,1130,DE
3ao9DqS7bRU,DIE CHEATET DOCH,Mahluna,2025-10-05T13:00:07Z,26891,2782,58,DE
rQ9t8HkpDcc,"МОНЕСИ РАЗВАЛИЛ НАВИ, А ЗОНИК ПЕРЕИГРАЛ БЛЕЙДА!",РАЙЗ,2025-10-06T05:10:11Z,106502,6897,299,DE
G1_diSlS3wc,I Tamed EVERY Animal in 99 Nights in the Forest,Koopekool,2025-10-05T22:00:24Z,443922,6254,805,DE
mfKsyONofac,TenZ TESTS & REACTS TO *NEW* BROKEN AGENT VETO !!!,TenZ,2025-10-05T10:34:09Z,768378,22534,944,DE
HkJuEcNu_8E,NRG vs. FNC — VALORANT Champions Paris — Grand Finals,VALORANT Champions Tour,2025-10-05T17:50:46Z,2692989,39900,190,DE
sFvY1YEILX0,"Yu-Gi-Oh! TCG YCS Anaheim, CA - Day 2",Official Yu-Gi-Oh! TRADING CARD GAME,2025-10-06T03:08:02Z,148535,,17,DE
wbaHJPaqc9w,Assassin's Creed Mirage: Valley of Memory,Ubisoft,2025-10-05T16:01:40Z,201655,9711,1073,DE
lPAQOoUMFE0,الرجل العنكبوت انقاذ باتمان Spider-Man Rescue batman vs iron man vs venom funny Game GTA 5 superhero,GTA Addiction,2025-10-05T10:01:14Z,1044147,146630,3549,DE
IaMTJRjWwug,DIESE TIPPS SIND GOLD WERT! Furky coacht Streamer in EA FC 26! ✅,FurkyPlayz,2025-10-05T10:45:03Z,11660,701,23,DE
-dgETlGCa_8,14-1 und MEGA GEWINN in 1. WL REWARDS 😍 FC 26 ohne Echtgeld #12,Tim Latka,2025-10-04T18:45:00Z,32566,1615,112,DE
DdCjVRm34MM,🌽 1.000+ HEKTAR MAIS Häckseln XXL! 100+ Helfer und 150.000.000+ Liter | LS25 NF Marsch 1/3,M4cM4nus,2025-10-05T10:30:13Z,13514,757,24,DE
a8FciLdbkXA,I Got Minecraft's Strongest Armor,ManePear,2025-10-06T01:09:21Z,190414,8865,1108,DE
NH2fwYyOPd4,Noway wird ein ekliger Sonna abuser,Noway2u,2025-10-05T17:00:34Z,11588,507,30,DE
Fx0HuR1OeHM,Ultimate Farmer – Neuer Landwirtschafts-Simulator oder nur Blender?,Cornhub,2025-10-05T14:29:50Z,13229,1037,81,DE
wpo97U7lgZE,ACTIVISION hat SBMM in BLACK OPS 7 ENTFERNT 😳 (Kein Clickbait),STYLERZ,2025-10-05T13:07:21Z,16966,927,246,DE
5ZFkSVP__OE,🔴NRG vs FNATIC [GRAND FINAL] VCT PARIS 2025🔴,ohnepixel,2025-10-05T17:25:55Z,349760,8671,113,DE
Ys0dLcHvhgs,😱Открываем 99 ЛОС ЛАКИ БЛОКОВ в Steal a Brainrot..,FixEye - Роблокс,2025-10-05T10:32:49Z,280708,5275,857,DE
iIBhZ6tMQ0U,Ich habe ALLE WII SPORTS GOLD MEDAILLEN gesammelt,dydy,2025-10-05T11:30:08Z,14894,2052,442,DE
gUsUYcQegwA,grow a garden admin abuse (stormy sunday),KreekCraft,2025-10-05T18:52:21Z,722344,12975,307,DE
-wQmnnxRt54,🇩🇪 4.000€ DEUTSCHE MEISTERSCHAFT in MINECRAFT SPEEDRUN | Chaosflo44,Chaosflo44,2025-10-05T18:31:08Z,31271,2934,35,DE
GIFn1yX7Cb8,КУПИЛ X100 УДАЧИ и ОТКРЫЛ 100 ЛОС ЛАКИ БЛОКОВ в УКРАДИ БРЕЙНРОТ РОБЛОКС!,Holy Baam,2025-10-05T08:00:27Z,434596,19073,1057,DE
Gxf0y7jIdkg,KEREM KOMİSER NEDEN YENİ BİR ŞEHİR İNŞA ETTİ? - Minecraft,Minecraft Parodileri,2025-10-05T08:00:25Z,686557,11867,1151,DE
v1u2XSb9Lg0,Wähle eine KPOP DEMON HUNTERS RUTSCHE in Roblox!,Jinu & Rumi Roblox,2025-10-04T14:12:27Z,39540,1622,5,DE
p4PL8GtOSTM,WACHT AUF! Hier kommt das FINALE von SUPER MARIO GALAXY 4K (World 6),Domtendo,2025-10-06T05:36:51Z,4557,626,54,DE
6YygVtn9J8E,Dying Light The Beast 4K Gameplay Deutsch - Stress in der Dark Zone,KeysJore,2025-10-05T10:27:55Z,12411,1242,84,DE
-ZaeyQFz1EE,Vlesk spielt eine epische 500 IQ WARLOCK Runde | Among Us,Pinker Impostor,2025-10-05T09:44:20Z,12169,868,29,DE
5a-B9XbQb-I,Diese YouTuberin würde ICH DATEN mit VERRÜCKTEN BRAINROT MÄDCHEN...,TungTungBlox,2025-10-05T13:58:52Z,9534,179,8,DE
gk2dFQ8ec4c,FUFU TROLLT in RANKED rein... wie immer! 😂😒,Mexify Games,2025-10-05T14:00:58Z,13593,718,31,DE
5Xl2ZOPlZ3I,NEW LEGENDARY SURGE SKIN 🥰,SnakeThug - Brawl Stars,2025-10-05T17:33:37Z,125073,5799,517,DE
847BA_QaAng,XXL SNIPER ONLY - CREATOR BATTLE!🎯,Fixx,2025-10-05T08:08:46Z,25893,1523,80,DE
CNKOH1Prumc,Dieser Block hält mich am Leben...,Platin Extra,2025-10-05T08:00:13Z,29206,1800,158,DE
HeQhq1O9xsI,Die NEUE WELT.. Ich SPERRE jeden YOUTUBER in NEUEN SEELENBLOCK!,Yami,2025-10-05T07:00:25Z,24638,1396,176,DE
P-TIN2A8KXM,WE WON!!!!!!!!! WE WON!!!!!!!!!!!!!,GothamChess,2025-10-05T07:45:05Z,352449,17035,1435,DE
29mI-FZsLd4,BEWEGUNGS-STEUERUNG aus der Kinect-HÖLLE | Unspielbar #41,Game Two,2025-10-03T10:00:04Z,112823,8004,457,DE
_euj5o7Zyfg,Corner Goals | FIFA 23,XtraGoal,2025-10-04T19:01:30Z,63558,638,72,DE
rlSWMbOlqRc,КОНЕЦ XBOX,DeadP47,2025-10-05T17:14:14Z,188357,10722,1372,DE
9XwIY6HxKJE,I STOLE THE 8 RAREST BRAINROTS!,Foltyn,2025-10-04T23:58:02Z,1564217,19287,4484,DE
UFJXkTr-Yv0,MOST INSANE GRAND FINAL! - FNATIC vs NRG - VCT Paris 2025,ohnepixel raw,2025-10-05T20:41:16Z,79275,3056,270,DE
aZ5cQHVC-B4,Ich habe das KAIZO MONDLAND zu 100%!,Huebi,2025-10-05T14:14:37Z,13604,1306,43,DE
HJFhVreyw4s,Wir roasten die KOMISCHSTEN Steam Profile! (mit Rumathra),zCrexpy,2025-10-05T10:00:33Z,28342,1753,35,DE
YG3npSkRRnI,Neue Landwirtschafts-Simulation Ultimate Farmer angekündigt! | Ansgar reagiert,Ansgar NPLAY,2025-10-05T13:15:03Z,18994,1008,114,DE
KKkYNH6KlWI,6 MONATE SPÄTER: Funktioniert noch alles in CRAFT ATTACK 12?,TheJoCraft,2025-10-05T11:00:55Z,17971,1284,78,DE
jxZWLOi3mCk,"15-0 mit Mbappe POTM, CR7 & Adeyemi?!",DerGaucho10,2025-10-05T08:00:50Z,11242,595,31,DE
JIgaLvD_nYM,Wir Haben KEINE KNOCHEN in Roblox!,Centi und Viti,2025-09-28T16:13:22Z,49930,130,4,DE
4EwZTrISOpw,Я стал НАЕМНИКОМ! ПОМОГАЮ людям ИСПОЛНИТЬ свои ЖЕЛАНИЯ и ИЗБАВИТЬСЯ от КЛАНОВ! CheZee. Rust | Раст,CheZee,2025-10-04T17:42:34Z,549638,30319,2339,DE
iJZqEdd_rLc,Minecraft AMA Milyonlarca Blok Seyahat Ettim,Ferited,2025-10-05T15:37:06Z,308447,5471,759,DE
fVZ73ALt__c,DAS SPIEL MIT DEM FEUER ZAHLT SICH AUS! Verdammt Geile Spielosession!,Risiko Casino,2025-10-05T15:30:22Z,3238,,10,DE
2Q9c8jvgkw4,ICH JOINE EINEM TEXT GTA RP SERVER!,Sxak,2025-10-05T17:44:37Z,6976,469,36,DE
jk9VRmlqpmA,Veto All Abilities Explained | VALORANT New Agent,Kanga,2025-10-05T12:06:47Z,174679,3940,476,DE
lD6q8KpCjzo,🔥 ПРИРУЧИЛ ВСЕХ ЗВЕРЕЙ В 99 NIGHTS IN THE FOREST 💥,DELVIR,2025-10-05T10:30:36Z,396798,8729,1226,DE
dz5L6tkZFpM,Scheisenberg ☠️,Sev,2025-10-04T11:11:52Z,45132,4115,210,DE
JwXrqd-IqRA,ich JAGE YOUTUBER mit GLÜCKSRAD AUTOS in GTA 5!,Russik,2025-10-05T06:03:00Z,15335,660,26,DE
tVUaMAep9BQ,Der Große FNAF Iceberg - Stufe 5,Tjulfar,2025-10-05T09:06:24Z,12611,953,65,DE
FJTsqZLdDGk,WIE DU JEDEN HALLOWEEN BOSS BESIEGST in BRAWL STARS! 😱,Cutter Ali - Brawl Stars,2025-10-05T11:00:18Z,13964,490,43,DE
T0d8EbFc_G0,"""Gaming-PC"" bei Amazon bestellt!! Ich bin schockiert… #GamingSchrott",HardwareDealz,2025-10-04T08:00:36Z,110253,6835,884,DE
XtEPwknbGB0,Steal A Brainrot Admin Abuse (NEW UPDATE) 🔴,Brandon302,2025-10-04T19:58:16Z,1209368,24259,44,DE
x6xZktG8MF0,Ich Töte ALLE Nachbarn mit meiner Stimme!,HamedLoco Spielt,2025-10-05T10:01:34Z,11965,417,14,DE
yWIcKVGyT5o,The BEST & WORST Midnight Class Updates | Winners & GUTTED Losers,The Comeback Kids,2025-10-05T15:00:06Z,55791,1455,428,DE
M49RvPJtNcU,New Battles Modes Explained - Clash of Clans Update!,Judo Sloth Gaming,2025-10-05T12:00:39Z,466229,21655,1741,DE
LO67SngAcsI,Selling a GOLDEN $100k CAR at my dealership!,Real Civil Engineer,2025-10-05T16:00:38Z,132215,7976,424,DE
JiNLVhLa8Nc,3 IDIOTEN SPRINGEN von einer RIESEN RAMPE!,AwesomeElina,2025-10-05T12:00:38Z,21920,1143,43,DE
rqJsLeGNPgw,EA FC 26: JETZT INVESTIEREN!💰OHNE RISIKO COINS MACHEN✅ EAFC 26 Trading Tipps,BIRKE,2025-10-05T08:01:04Z,7658,432,81,DE
uBwhV7JYPU4,Fortnite Daily Item Shop 6.10.2025 | ÄHM JA,FERJUS,2025-10-06T00:13:47Z,2884,222,15,DE
XfUVs-Si_sA,Es Gibt Hamed In Roblox...,HamedLoco Clips,2025-10-05T08:47:32Z,18399,421,18,DE
uP9pChKCoVM,Ich schneide Videos für Internet...,Satoru,2025-10-05T16:01:35Z,17142,1410,40,DE
O3yDFgAIu0U,I built a BOARDING SCHOOL in The Sims 4,lilsimsie,2025-10-05T19:00:18Z,96224,5462,263,DE
rhj9R8J0UFw,"Minecraft, aber LUCKY BLOCKS = WELTGRÖßE!",Pat,2025-10-05T07:01:00Z,11435,519,7,DE
Tp6Da648fiE,Pokémon unter Druck: Darum steht das Franchise vor einem Wendepunkt,PC Games,2025-10-05T08:00:35Z,38980,925,312,DE
3jAiW9ojYj8,When Two B-17s Piggybacked,Yarnhub,2025-10-04T16:00:08Z,1094302,29967,810,DE
THF_u1AJb5k,The Stingray Is Pretty Crazy,Spookston,2025-10-05T16:30:10Z,166646,11704,999,DE
CXod4W8LEBk,NEW PET TAMING is INSANE in 99 Nights in the Forest!,yalc,2025-10-05T07:46:55Z,1186157,11068,1462,DE
K_kIfsG2zrU,SURVIVNG 99 NIGHTS with a PET BEAR in 99 NIGHTS IN THE FOREST... *NEW TAMING UPDATE*,Lana's Life,2025-10-05T16:30:16Z,575688,8549,2180,DE
ihi3Jqn13Gs,THE NEW LOS LUCKY BLOCKS UPDATE IS HERE! STEAL A BRAINROT | LIVE!🔴#roblox #shorts,Aidan,2025-10-06T05:23:32Z,408950,1163,,DE
gy4wKNHwCTM,This Slide Isn’t Legal… (Waterpark Sim Episode 23),CaseOh,2025-10-05T22:00:46Z,317094,18261,1376,DE
thjvQ8DBrLU,Ich werde der REICHSTE SPIELER in Plants vs Brainrots..,Mehr Alvi,2025-10-05T07:02:00Z,15352,659,53,DE
VddGwvXs1gw,WORLDS 2025 LPL TEAMS BREAKDOWN - MAJOR REGION RUNDOWN FT NYMAERA,Caedrel,2025-10-05T16:36:58Z,110227,4940,348,DE
IYK02OWjlQw,Metin2.de RUBY - EPISODE #396 | HYDRA mit EISTALI+200 !?,ScriFice,2025-10-06T05:00:18Z,661,48,11,DE
kxoJXEF5Jkw,🔴 Aura Farmen,Okisebi,2025-10-06T05:59:04Z,14102,157,0,DE
gHW2oM1Lp1M,ВСЕ ЖИТЕЛИ ПРОПАЛИ В ЭТОМ ДОМЕ В МАЙНКРАФТ | Компот Minecraft,Компот,2025-10-05T12:01:13Z,251398,11182,983,DE
g5fj5sGflG4,LOS LUCKY BLOCK açarak SECRET BRAINROT Çıkarttım!,Lia,2025-10-05T09:01:03Z,171255,3411,845,DE
LRDBq_9wh8w,Leroy Sané hat uns zerlegt... - Türkei Placements,Sola,2025-10-05T17:00:28Z,8102,492,11,DE
qi9FDCJ3TzM,MEINE 1.FOLGE MINECRAFT NACHBARSCHAFT RESET,TriDan,2025-10-05T06:32:00Z,17990,1099,96,DE
YejTA_n9wds,REWARDS GÖNNEN! 😲 Rivals & Gauntlet Grind 🔥 Road to Glory #05 | EA FC 26 | SolutionPlayz,SolutionPlayz,2025-10-05T08:00:41Z,10761,461,12,DE
