video_id,title,channel,publishedAt,views,likes,comments,region
ko70cExuzZM,Taylor Swift - The Fate of Ophelia (Official Music Video),Taylor Swift,2025-10-05T23:00:06Z,7734572,634900,35531,FR
s-s7y2SBTis,RÉACTION au Trailer 2 d'Avatar 3,Durendal1,2025-10-05T10:01:17Z,34560,2083,311,FR
avktGMCwdws,GP Explorer 3 : Journée du Samedi - Rediffusion Squeezie du 04/10,Squeezie - Rediffusions,2025-10-04T22:40:59Z,459320,15153,247,FR
T9g78PEPfcs,La Fouine | Freestyle Booska Rotterdam,Booska-P,2025-10-05T12:00:56Z,52799,4078,291,FR
HkIOyO-nIaY,KHUTULUN Bande Annonce VF (2025),FilmsActu,2025-10-04T15:15:01Z,106486,419,28,FR
lLxUsdQF5D8,🔴🔵 LILLE - PSG LIVE / 🔥ALLEZ PARIS ! / 🚨L'APRES BARCELONE ! LA VICTOIRE AVANT LA TREVE ! / 🏆LIGUE 1,L' immigré parisien,2025-10-05T21:05:57Z,372233,10584,70,FR
jLXm_xELHjo,HIMRA & DOPE FAMILY (DOPELYM X LAMOULA$ X KAGE) - BOMBARDER (Clip Officiel),Himra officiel,2025-10-05T01:06:26Z,334352,44789,3908,FR
jTsnbVUPXfg,Bande-annonce : la semaine du 6 au 10 octobre 2025,Un si grand soleil - France Télévisions,2025-10-04T16:30:19Z,9221,98,3,FR
wqd37QfDQRI,TRIBUNAL DES BANNIS #5,Wankil Studio - Laink et Terracid,2025-10-05T12:01:42Z,326723,29613,360,FR
FERQCwUpva4,🎵 Manu Chao - Me Gustas Tu (Letra),Audio Music,2025-10-03T12:29:50Z,567958,4480,22,FR
qVTsD6a27ec,J’ai ouvert 100 Nouveaux LOS LUCKY BLOCK ultra CHEATÉ !,Unchained_Off,2025-10-05T07:11:45Z,596502,11325,952,FR
YD7G1QptFcI,Klay - Intro (Official Music Video),Klay,2025-10-05T19:30:54Z,83318,12233,1143,FR
2mAV1AT5Ivw,J'AI VOLÉ TOUS LES NOUVEAUX BRAINROTS !! (Pack Opening XXL),Kevko,2025-10-05T11:21:19Z,364077,6807,661,FR
dA8QJq_kVCk,Toto - Africa (Lyrics),World of Healing,2025-10-01T13:01:18Z,187180,1093,15,FR
U702FEukPng,"À Chaque Brainrot, Mon ÉCRAN Rétréci !",Toinelag Gaming,2025-10-04T09:42:27Z,728415,8410,527,FR
hZGfDwj5R8I,7.62 Analyse ft. Zbig (Clip Officiel),7.62,2025-10-05T18:41:43Z,10517,818,55,FR
vMa7UU8UJ8Y,J'ai installé les PIRES Packs de Texture de Minecraft,Fiouze,2025-10-05T16:43:42Z,90083,7066,249,FR
DL1lmIjUtO4,Don Bran - J'avais juste envie d'écrire ( clip officiel ) ,donbran95,2025-10-05T11:55:01Z,7038,1117,164,FR
8hJw0xm-Nxw,QUE TRÉPASSE SI JE FAIBLIS ( Dark Souls #2 ),Sylvain Lyve - Best Of Twitch,2025-10-05T08:00:11Z,110592,6272,203,FR
1806gZAcj4A,L.E.J - SUMMER 2025 : THE LAST SUMMER,L.E.J,2025-10-03T16:00:07Z,258414,21258,942,FR
XZhXFbFCOu4,Race Highlights | 2025 Singapore Grand Prix,FORMULA 1,2025-10-05T14:34:17Z,3694129,77075,3599,FR
m5EXe42lLdE,Le mur,GP Explorer - Topic,2025-10-02T22:01:14Z,18312,485,5,FR
zf3YRv7Yriw,Voici ce que font les BRAINROTS quand on Quitte le Jeu ! ,Yoananas & Cie,2025-10-05T15:05:08Z,63901,991,81,FR
78Q8_HzVRpw,Huntrix - Golden (Lyrics) KPop Demon Hunters,Rap Fusion,2025-10-04T11:30:05Z,220953,931,27,FR
qXmRlmrpz8Y,RETOUR A L'E3 2000,Bazar du Grenier,2025-10-04T14:01:26Z,520365,37406,1756,FR
PqpZ4k7GHfU,Heuss L'enfoiré - Megarama (Clip Officiel),Heuss L'Enfoiré,2025-10-03T16:00:17Z,170858,6166,267,FR
Rwp_ZY9KytQ,"j'ai Amélioré la Base de ""Bébé Shado"" en devenant ""PROPRIETAIRE"" de Steal A Brainrot !",Shado Roblox,2025-10-05T14:05:00Z,89886,1306,83,FR
JODcvxINi9A,3robi - Cole Palmer ft. Ninho (Official Video),Spow Business,2025-10-02T22:00:32Z,405457,13783,442,FR
AKMSULASD8w,Il a réalisé l’impossible avec ce deck ! ,Ouah Leouff,2025-10-05T15:15:01Z,40090,2890,165,FR
_NCTYb5I0-E,Naza - Cristalline (Clip Officiel),NAZA,2025-10-03T15:00:06Z,206209,9774,338,FR
MWXQYNqcGhE,Apprivoiser TOUS les ANIMAUX Avec La Nouvelle Flûte d’apprivoisement Dans 99 Nuits Dans La Forêt !,Furious Jumper,2025-10-05T11:03:00Z,144397,2854,229,FR
0CHy9wZ-F-w,Ferre Gola - Vuandisa (Official Video),Ferre Gola TV Officiel,2025-10-03T16:00:07Z,1165586,31857,5563,FR
RwTUBN_MKaY,"XBOX A MENTI 🚨 Les RÉVÉLATIONS de BLOOMBERG, le problème Call of Duty",Julien Chièze,2025-10-05T15:30:11Z,60171,3080,468,FR
8x7XyFzNMT8,Sidiki Diabate - Batisseur (ADO),Sidiki Diabate,2025-10-05T18:00:07Z,25656,3334,373,FR
wARL7VqvyKY,J'OUVRE les NOUVEAUX Los LUCKY BLOCK sur Steal a Brainrot,Jeanfils,2025-10-05T14:30:54Z,93947,1706,123,FR
jmrLmQ53nPw,DAMSO - MTL (feat. @blynkofaneye_ ),le rappeur damso,2025-10-03T16:48:06Z,1361250,17744,962,FR
7R6ltKmDPak,Mes PREMIÈRES RÉCOMPENSES 15-0 de DINGUE en FUTChampions,RocKyy,2025-10-05T13:36:37Z,53782,2053,42,FR
8kouv6CORMk,Rude,Kybba - Topic,2025-10-02T10:03:39Z,47828,1989,36,FR
MMOlj-u9AUs,Le PLATINE de TRICKY TOWER est TROP FRUSTRANT,D4WS7N,2025-10-05T15:17:46Z,49243,2806,93,FR
XLAhgktwkeY,Rihanna – Breakin' Dishes (Lyrics),After Beats,2025-10-01T15:27:07Z,193508,752,9,FR
1KDk7XFpd3E,ÇA COMMENCE ENFIN ?! (Amour Sucré  Campus Life #5),Linca VOD,2025-10-05T09:15:01Z,30538,2419,103,FR
IVmlvydLa90,Enchanté,Sinto Pap - Topic,2025-09-30T10:00:38Z,11163,317,7,FR
KzChT00KGoo,"Si je TROUVE les 1025 POKÉMON de tête, la VIDÉO S'ARRÊTE",Sneaze,2025-10-05T09:01:25Z,68529,4949,188,FR
sKJBIIw_uuU,Montagem Supersonic (Super Slowed),NETU - Topic,2025-10-04T07:33:55Z,438828,4214,0,FR
uDyuHSZCWAY,J'ai codé un jeu Roblox pour voir si ça rapporte,Aywen,2025-10-04T14:46:36Z,290948,14617,386,FR
ysYpUYH2Ftk,Ce monde,Lou Deleuze - Topic,2025-09-29T15:54:18Z,36133,1289,59,FR
ENSHXuPDW4M,La Mise à JOUR Combat Classé de Clash of Clans !,Elchiki - Clash Of Clans,2025-10-05T12:23:54Z,42310,3585,314,FR
r9o5GZh0jHE,Europe - The Final Countdown (Lyrics),Orbital Music,2025-09-29T02:15:06Z,76643,405,5,FR
-CtqEXEAy-s,LA PIRE SEMAINE DE MA VIE DE STREAMER - Best of Jiraya #200,JirayaTV,2025-10-05T18:07:25Z,34576,2242,88,FR
SSbrXfsIxIs,"Joe Cocker & Jennifer Warnes - Up Where We Belong (Night Of The Proms - Netherlands, Oct. 16, 1992)",Joe Cocker,2025-10-03T15:00:06Z,123461,2262,49,FR
8VdHp0ZoryE,skibidi toilet 79 (part 3),DaFuq!?Boom!,2025-10-06T06:15:09Z,1286068,162095,27465,FR
GO8jBkUewSE,Heykel - H22 (Clip officiel),Heykel,2025-10-03T16:00:59Z,102923,4425,380,FR
S7UTe9t_abk,PIRE QUE DU CRACK | Cloverpit (01),mistermv,2025-10-05T15:00:46Z,34027,802,43,FR
qEOxG6cje9A,"Alan Walker & Ava Max - Alone, Pt. II (Lyrics)",Luna Music,2025-09-30T14:30:17Z,211092,674,7,FR
bFV2P5s7jss,On choisis nos MEGA EVOLUTION 🧬 avec LEURS NOMS ALÉATOIRE !,Vohlt,2025-10-05T14:01:01Z,25107,1803,79,FR
-2V0a_CezMA,Cullinan,Guy2Bezbar - Topic,2025-10-02T22:02:53Z,122267,2441,24,FR
SoqVIA3-YzM,Anna et Talcado sont séparés à Talcacity !,Anna,2025-10-05T11:00:44Z,65744,1350,111,FR
Ox1NW5Z-F2c,Oruam - Freestyle Depois da Cadeia (prod. Maurin),Mainstreet Records,2025-10-05T15:00:06Z,654396,63216,3595,FR
4QFZ8FV9qYA,TU PRÉFÈRES ULTIME sur Minecraft ! (Désolé...),Azpaz Tv,2025-10-05T15:15:01Z,45013,2040,233,FR
mNdAnASXF68,"DJ Snake, Selena Gomez, Ozuna, Cardi B - Taki Taki (Lyrics/Letra)",TUFF Music,2025-09-30T21:27:17Z,159070,569,8,FR
6-9dB_3ZRB4,Caché dans des endroits IMPOSSIBLES pour PIÉGER ma FAMILLE dans Roblox Hide and Seek Tower !,Shado Brookhaven,2025-10-05T16:30:04Z,36241,604,40,FR
ueNeTfQPbHk,Mario - Let Me Love You (Lyrics),Amazing Lyrics,2025-09-30T21:44:20Z,80188,148,2,FR
TcP0vuJ8zSM,LA VIE DE RUMI De BÉBÉ A SA MORT !,SouKa,2025-10-05T11:10:00Z,73078,2098,134,FR
g_d89xJxR9k,LATACHE1.7 - Détruit (Clip Officiel),LATACHE1.7,2025-10-03T18:00:06Z,32631,2204,76,FR
8icCvwzMbsk,Le nouveau COMBO pour détruire la SOLO SQUAD sur le Chapitre 1.. (au revoir le double pompe),Teeqzy,2025-10-05T16:08:50Z,34254,2041,120,FR
0wo_apYGSFU,Scorpions - Still Loving You (Lyrics),British Pop Bangers,2025-10-01T12:23:42Z,119574,718,5,FR
vQdIua94c-8,J'ai fait 100 Gacha des Admin sur Blox Fruits.. (Chance X10),BeOnePourcent,2025-10-05T16:48:55Z,42655,2384,362,FR
F39ny7lxswc,La Hasba22 - BARA ou BARREAUX,La Hasba22,2025-10-03T16:00:29Z,128202,5199,297,FR
PO2CPwZtoTo,Les joueurs ne sont pas des PIGEONS ! STOP ça suffit !,Conkerax,2025-10-05T10:00:21Z,82519,6305,1565,FR
OzeOGD-4EjY,Calvin Harris - Blame (Lyrics) ft. John Newman,ourmemoriestonight,2025-09-29T12:30:34Z,119476,348,1,FR
b0YYsHChofE,Black Ops 7 est une Arnaque..,AymenZeR,2025-10-05T19:46:06Z,21734,2429,618,FR
RKqAsaFVcZ8,Wally B. Seck - Entre nous (clip officiel),Wally B. Seck,2025-10-03T18:00:07Z,487213,35107,2053,FR
a8CZ0czwbmg,J’ai VOLÉ le BRAINROT le + RARE de TOINELAG ! (Il Rage),ChocolatAndVanillah,2025-10-04T10:00:00Z,187666,5021,1208,FR
rUQO69T_MmY,SINDIKA - GRINCHEUX (OFFICIAL AUDIO VIDEO),Sindika,2025-10-04T13:01:33Z,123472,16698,2165,FR
3kfk_dJ7fOs,"Speedrun Wii Sports, mais toutes les 5 minutes le HUD devient PIRE",Paqman,2025-10-05T11:00:08Z,47952,2861,187,FR
5UE4CGz-2B4,Rsko - Sincère (Clip officiel),Rsko,2025-10-02T22:01:29Z,200887,8718,247,FR
vxGTBgQeOfk,Je prends ma REVANCHE contre JULIEN SONG aux ÉCHECS !!,Julien Song,2025-10-05T16:20:21Z,26842,2006,122,FR
ebvAtyfN9kc,Rotterdam,La Fouine - Topic,2025-10-05T11:55:13Z,10680,808,63,FR
bY_RsmHxwQk,J'ai codé la prochaine mise à jour Minecraft en 3 jours...,LAirHisson,2025-10-05T13:30:30Z,49171,3657,151,FR
XeJ1BNEGV0c,SERVITEUR GUY CHRIST ISRAËL / 08H15 DU  06-10-2025 / JÉSUS JE M'ATTENDS À TOI,Guy Christ Israël - Artiste,2025-10-06T09:22:28Z,2016,221,3,FR
jKtfNNMh5LA,"J’ai enquêté sur le CRONUS ZEN (accusations, cheat, argent)",Maru,2025-10-05T12:13:32Z,51663,2197,183,FR
FCMyTR1SJM8,"Zé Felipe, Ana Castela - Sua Boca Mente (Clipe Oficial) | You’re Still the One",Zé Felipe,2025-10-03T15:00:07Z,8096587,515105,41574,FR
5Osei25Dgc0,MAGNIFIQUE ! On OUVRE nos 1ÈRES RÉCOMPENSES FUT Champions Cornerstones Pack Opening sur FC 26 ! #8,Les Twins Clips,2025-10-05T13:24:34Z,24988,1385,39,FR
angyYGQXS4Y,Maud Elka - M'en Aller ft. Léa Churros (Official Video),Maud Elka,2025-10-03T14:00:03Z,50843,2590,73,FR
o63Fh6DEBUY,B-B-B-BACON EGG AND CHEESE | Lethal Company,Antoine Daniel - Les VOD,2025-10-05T12:01:32Z,26547,982,37,FR
NKNcTSSqS4U,Malakey - Baby Myria (Clip Officiel),Malakey,2025-10-04T18:00:06Z,114038,13510,460,FR
ln4a-DVfZX8,Vais-je Réussir à SURVIVRE dans le Corps d'Anna sur Minecraft ?,Talcado,2025-10-04T11:01:21Z,138959,2422,115,FR
rrob2ICR6-w,Lord Huron - The Night We Met (Lyrics),Cyrionis,2025-09-30T14:30:43Z,500807,902,5,FR
VSHB-wVxits,BLACK OPS 7 j'en ai marre...,Skyrroz,2025-10-04T18:26:32Z,83649,4312,1012,FR
g7ap7MUAsdY,Chily - Haute Tension (Visualizer),Chily,2025-10-03T16:00:07Z,100371,8156,282,FR
Jj8Pg38gCx0,J’ai 100% Hollow Knight: Silksong (TOUS les succès),JOSPLAY,2025-10-04T12:04:58Z,111673,5906,195,FR
fjm8HOeRiEA,LATATPA1.3 - KRACK AND CO,LATATPA1.3,2025-10-03T15:59:08Z,37657,2093,69,FR
vnAo6EDkJEc,Apprivoisez TOUS LES ANIMAUX grâce à la nouvelle FLÛTE d'Apprivoisement sur 99 nuits dans la Forêt !,Shado V2,2025-10-05T13:30:52Z,59807,935,75,FR
9obKMxxxw3Y,Kery James - SHABAN  [clip officiel],Kery James,2025-10-02T19:26:14Z,194974,25900,2879,FR
fM2f2mqJup0,J'ai survécu 100 Jours en Hardcore sur Aquatica (ARK moddé ),ice,2025-10-05T12:29:59Z,21465,1655,297,FR
3BnFA6g2iBY,GWADA MAGA SIX LINES - KONGÔL CLIP - CLIP OFFICIEL 2025 ,GwadaMagaTV,2025-10-05T16:00:07Z,19925,2226,113,FR
Q4ZdRYQmHvM,Veto Official Gameplay Reveal // VALORANT,VALORANT,2025-10-05T10:35:00Z,422596,18813,1439,FR
4dQYfO6t0ds,The Police – Every Breath You Take (Traducido al Español),NightCrush,2025-09-30T16:52:46Z,509595,1573,5,FR
w8Yo6BSFJNE,SOLO vs UN BIG CLAN QUI VIT DANS UNE GROTTE ! | RUST SOLO FR,KROLAY TV,2025-10-05T10:01:34Z,19843,860,50,FR
KHzHTixDw6Y,BORO 700 - NDDB #5 / AFFIRMÉ,BORO 700,2025-10-03T17:00:34Z,34032,2548,115,FR
n1UpRmezG4o,"BEST OF #356 : J'ATTEINS LE TOP 0,5% MONDIAL",Alderiate,2025-10-05T18:00:48Z,30266,2134,32,FR
uu6L86sREJk,Britney Spears - Womanizer (Lyrics),The Song Script,2025-09-23T13:31:03Z,57688,393,0,FR
sizMO8cHIlU,J'OUVRE mes RÉCOMPENSES CHALLENGERS et RIVALS sur FC 26 ! Et je refais l'équipe... (Pack Opening),Souen v.2,2025-10-05T15:01:32Z,19096,1197,18,FR
Hxw_RcwLfcU,Graya - Mode de vie 3 (Visualizer),Graya Officiel,2025-10-03T16:00:27Z,41150,924,72,FR
b6DRZbYwpbk,REAL MADRID 3 - 1 VILLARREAL CF | RESUMEN LALIGA EA SPORTS,LALIGA EA SPORTS,2025-10-04T21:15:59Z,3548555,60130,2638,FR
st5cdE-yT8A,"Calema, Anderson Mário - Elavoko",CalemaVEVO,2025-10-03T16:00:06Z,512314,35238,2268,FR
lIzz-v28zvs,On a tenté de SURVIVRE aux 6 ÉTOILES de GTA ! (ft. Stundzow),Jayzz,2025-10-04T10:03:44Z,167840,3233,79,FR
FhRYZZZX1u8,Avril Lavigne - Complicated (Lyrics),Epiphany Soft-Pop,2025-09-30T16:00:20Z,281537,720,3,FR
vIBSoW2rshU,[FR] FNATIC vs NRG | VALORANT CHAMPIONS PARIS | GRANDE FINALE BO5,VALORANT esports France – Challengers France,2025-10-05T17:20:15Z,29881,632,3,FR
GnUW4AF1LZo,Just the Way You Are,Bruno Mars - Topic,2025-10-02T10:02:14Z,2148195,15179,42,FR
uKVcqST3owk,J'ai secrètement ajouté UN MOD HORREUR sur mon Serveur.. (CraftCraft S3 #3),Ninjaxx,2025-10-04T16:01:26Z,174097,9526,350,FR
co-9LDa_yGg,Backstreet Boys – Everybody (Backstreet's Back),Latin City,2025-09-30T16:13:40Z,125897,462,3,FR
kCKJSQXLFsQ,FAIRE TOP 1 AU SOMMET de la TOUR EIFFEL - 2 MILLIONS D'ABONNÉS ZETFAR,ZetFar,2025-10-04T09:00:07Z,240434,22962,2480,FR
kdXONQ5vbYk,"H.LA DROGUE, @1PLICATION  - SEKLENLAND #10",H LA DROGUE OFF,2025-10-01T16:21:26Z,459815,21772,557,FR
5YT-fJXvOKo,"Un tribunal a eu LIEU, Trayton CORRIGE Ismaa?? SoloQ Challenge - BEST OF #6",TraYtoN,2025-10-05T15:30:05Z,15072,617,13,FR
wDAEHfel3JA,The Script - Hall Of Fame (Lyrics) ft. will.i.am,Rock Surge,2025-10-02T16:01:42Z,110941,335,2,FR
dAjux6SRyUM,Kevin a fait semblant d’être un NOOB puis il a eu un STRAWBERRY ELEPHANT,GEMI ROBLOX,2025-10-05T15:15:04Z,25909,598,49,FR
q9h3d70g_-M,Boney M. - Rasputin (Lyrics),Asoniq,2025-09-30T16:01:29Z,129495,557,10,FR
Avq2BsSHgKM,La mise à jour pour ADOPTER Les ANIMAUX de 99 Nuits est INCROYABLE !!,Litsu Fourretout,2025-10-04T19:24:35Z,138043,2303,195,FR
idXTrsy8CZ4,Cole Palmer,3robi - Topic,2025-10-02T10:02:30Z,73175,1365,0,FR
M9UY4pU1LAU,MES VIEWERS ME TROLLENT EN PLEIN JEU D'HORREUR 💀 (Chuxie),You Live,2025-10-05T18:30:24Z,12189,944,18,FR
J2I21hGkbqo,ATEEZ(에이티즈) 여상 'Legacy' | ATEEZ Present,ATEEZ,2025-10-03T14:58:07Z,670782,121645,9244,FR
akenijWKXzw,Join the Skeleton Army Evolution!,Clash Royale,2025-10-04T14:55:41Z,2799648,115452,2033,FR
nrgYBh0tzVA,Ce jeu est une honte. (EASPORTS FC26),Redcreed TV ,2025-10-04T17:03:51Z,88387,6382,1731,FR
4w_idSrL7w8,Ma FANGIRL m’étire jusqu’à ce que je n’en puisse plus sur Roblox !,Talcado Brookhaven,2025-10-05T15:00:14Z,18548,361,11,FR
jmSgzvhJCs8,🔴 CAST DU TOURNOI SOLO des JOUEURS PRO HAVOK 🏆 OBJECTIF LA FINALE !,HavoK,2025-10-05T21:01:58Z,36252,1952,5,FR
qkC_g5xwEYY,RANK 1 CAITLYN VS 50 JOUEURS ! IL DOIT SURVIVRE A TOUTES LES VAGUES SANS MOURIR ET SANS BACK !,iReaz - League of Legends,2025-10-05T19:00:44Z,9317,295,29,FR
caknGqOboxI,"DEVINE C'EST OÙ avec des PROS TIKTOK sur Rebirth Island ! (geoguesser ft. proze, esk, berkan)",Thomacky,2025-10-05T16:00:56Z,12184,787,32,FR
lDxvyd4GsZU,Je choque SAKEN avec mon GAREN AP,Strey - League of Legends,2025-10-05T21:00:45Z,7754,503,19,FR
jyQwQ4Np1UA,GHOST OF YOTEI FR #5 : Direction le Nord !,Galax,2025-10-05T17:32:20Z,12509,977,104,FR
xZuIBFYfwPg,J'ai OUVERT Les Nouveaux LOS LUCKY BLOCKS ! (steal a brainrot),Wisfarm TV,2025-10-05T08:35:33Z,27652,538,91,FR
mYR8L_wpfFA,Le Meilleur Setup Gaming PAS CHER (meilleur rapport qualité/prix),KAPPA Studio,2025-10-05T12:33:45Z,46929,3853,198,FR
GPiZHZD-p-Y,VETO EST LE SENTINEL LE PLUS CHEATÉ..? (IL EST INVINCIBLE) 🤣,RaGe,2025-10-05T10:35:00Z,26422,1416,54,FR
6v8Wm3Uwsag,A la recherche du TOP 1 SoloQ Challenge ! *80% WINRATE*,Adam - League of Legends,2025-10-05T19:00:05Z,13147,547,24,FR
xDLyQhHeXP0,"LA PIRE CONFÉRENCE DE NOTRE VIE ! 😒 (ft.Terra, Pota, Grim, Théo & Jean)",Hugo Délire,2025-10-04T16:01:39Z,99991,7838,107,FR
MgJZwX1-ihY,REFONTE DE LA TACTIQUE SUR FM26 (C'est INCROYABLE) MAIS UNE MAUVAISE NOUVELLE POUR LES SKINS !,Arthur Ray,2025-10-05T16:00:30Z,13309,857,121,FR
p3z1xL8blBQ,PACK OPENING EXTRÊME de LUCKY BLOCK sur STEAL A BRAINROT ! (Ft.Toinelag) ,DHM 2.0 ,2025-10-04T14:27:44Z,102259,1865,85,FR
WNjzdrRwPvU,Marre de perdre ? Gagne TOUT avec le Gambit Dame (jusqu’à 1600 Elo),Blitzstream Facile,2025-10-05T08:05:02Z,20117,775,88,FR
7bnjRiLdEFs,"ANALYSE VETO, LA NOUVELLE SENTINELLE DE VALORANT",WiPR,2025-10-05T18:48:11Z,9410,1083,87,FR
K0oGxKxe7yo,【TLOZ: Tears of the Kingdom】 ひさしぶり、ハイラル ✨ 【NIJISANJI EN | Kaelix Debonair】,Kaelix Debonair【NIJISANJI EN】,2025-10-06T04:38:26Z,16949,1071,7,FR
W_5JxuG9CHA,1000 JOUEURS créent une civilisation sur Minecraft : La Purge,Hika Minecraft,2025-10-03T22:59:25Z,23659,1517,239,FR
cXTn7ol6i5U,1 AN dans la CARRIÈRE IMPOSSIBLE d’FC26!,Skinra,2025-10-04T08:30:19Z,127515,7794,144,FR
XO453qWrX3A,BMX CHALLENGE TROP DIFFICILE,LaSalle,2025-10-06T05:00:30Z,5437,573,20,FR
7COVzpsy404,Very Bad Trip,JL Tomy - Live,2025-10-05T15:00:21Z,8654,401,32,FR
mtUCfO5gkW8,LE PRIX des PC GAMERS pourraient DOUBLER !! - Tech Actu #245,Jigfio,2025-10-05T15:01:32Z,12336,1064,164,FR
WphgzE7EAS0,BOUTIQUE FORTNITE D’AUJOURD’HUI (6 Octobre 2025) 💙🥳 (Boutique du jour),Matsuei,2025-10-06T00:04:11Z,3072,137,47,FR
C1h-QgviRFA,ESL PRO LEAGUE - SWISS ROUND - STAGE 2 - MATCH 1 - VS VITALITY,Gentle Mates Replay,2025-10-04T19:42:16Z,26642,1393,129,FR
rFyZiUyQpSI,UNE JOURNÉE DIFFICILE ! | RTWR S20 | 12,Mawkzy,2025-10-05T16:01:26Z,11871,853,61,FR
Xpe7fKZBx3E,Triple Flatbed Trailer McQueen Transportation with Truck - Speedbumps vs Cars vs Train - BeamNG #,MBK BEAMNG,2025-10-05T12:00:23Z,854377,4776,125,FR
zWzj6wcMeXU,NINTENDO SWITCH 2 : NINTENDO DÉMENTI OFFICIEL & IMPORTANT 😱,Edouard_EMB,2025-10-06T04:30:44Z,5464,542,25,FR
yiECkZa2a04,Les PIRES idées de Pokémon (au fil des années),Malison le Professeur Lapin,2025-10-05T17:14:05Z,14532,1143,216,FR
3sZcG3q2ipE,Comment jouer une game FREE LP avec YASUO,Fresh.LoL,2025-10-05T19:04:34Z,8392,325,17,FR
hDGqq6ajFJo,GAMEPLAY sur BLACK OPS 7 - Première GAME NUKE !,SkyrrozLive,2025-10-05T10:03:35Z,15714,924,145,FR
Ue6S6_8apms,Notre Tracteur a PRIS FEU à cause du MÉCANO incompétent | Farming Simulator 25 Roleplay,Mister Wallon,2025-10-05T17:11:26Z,11572,691,32,FR
YCu_ni8P8hg,Jouer en tant que PETIT HIBOU dans la FORÊT !,Shado,2025-10-04T14:05:00Z,89658,1324,83,FR
FPDCHenEgNA,WAF WAF GRRRR MHHH GEDAGEDIGEDAGEDAO,Kelyan & Loann,2025-10-05T16:12:45Z,13943,1596,96,FR
lPAQOoUMFE0,الرجل العنكبوت انقاذ باتمان Spider-Man Rescue batman vs iron man vs venom funny Game GTA 5 superhero,GTA Addiction,2025-10-05T10:01:14Z,1044147,146630,3549,FR
wKOB_7hzvc0,"Mercato 2026 (Rumeurs, Vladi, BDS, KC...) Ft. Nuc, 3XA, Eika, Theocacs, Kamiloo...)",Trayton Clips,2025-10-06T05:30:35Z,5214,142,10,FR
T4uOZSviZss,GP Explorer 3 : SYLVAIN DEVIENT FOU ET CRASH TOUT LE MONDE EN PISTE !,𝔽𝟙𝕋ℍ𝕀𝔹,2025-10-05T15:45:49Z,8048,37,30,FR
lnIpjYc_KHo,LA TERREUR : MORDEKAISER BRÛLURE ET MALEDICTION,Alderiate VOD,2025-10-05T11:01:16Z,11804,417,12,FR
GU8EbcYc6Tw,10K 6-MAX: 350 blinds au day 2 !,Poker - Aim The Millions,2025-10-05T08:00:26Z,17721,668,75,FR
9uE3WKlOcTA,LVL 2 GOOD DEATH!,Thebausffs,2025-10-05T14:00:14Z,290608,12959,347,FR
wbaHJPaqc9w,Assassin's Creed Mirage: Valley of Memory,Ubisoft,2025-10-05T16:01:40Z,201655,9711,1074,FR
QgEwqtE1uyo,J'ai fait mon premier TOP 1 Monde sur Pokémon 🏆,RedEmption,2025-10-05T15:47:56Z,11150,1356,63,FR
awquRWPlMHw,C'EST PARTI!!! - On OUVRE nos 1ÈRES RÉCOMPENSES FUT Champions Cornerstones Pack Opening sur FC 26 !,Les Twins Fifa,2025-10-04T13:59:36Z,44278,1654,47,FR
GucssfolgVs,L'histoire du joueur qui s’est perdu en enfer,Willaume,2025-10-04T18:30:20Z,51904,2211,115,FR
CQd_-pyUb8M,TRAYTON PUNIT 3XA ET THEOCACS APRÈS ÇA ?! - Best Of LoL #1157 Réactions,Idizy - Best of LoL FR Réactions,2025-10-05T10:30:16Z,24396,845,17,FR
bUyS7bwcgF8,J'AI DÉPENSÉ 99 999 € ET JE SUIS DEVENU LE PUNCHER LE PLUS FORT DE ROBLOX. METTEZ KO UN BOXEUR !,REDKILL,2025-10-05T11:00:51Z,26731,530,16,FR
8S55VTygoPQ,STEAL A BRAINROT GIVEAWAY LIVE | STEAL A BRAINROT FREE SECRETS + FREE BRAINROT GODS,Joxy,2025-10-05T20:24:47Z,390810,15647,36,FR
PuWErA8tvDI,"JEANFILS JUGE MA BASE SUR ""STEAL A BRAINROT""...",Blandine,2025-10-05T14:00:40Z,11123,403,28,FR
l_aNkDyVgrA,DRIBBLER comme le TOP 1% des Joueurs FC 26 - Guide Complet Dribbles (TUTO),ZORKI - FC 26 Tutoriel FR,2025-10-05T15:39:49Z,4997,209,28,FR
jL7nkBc4zMc,Je DÉCOUVRE le NOUVEAU MODE DEMON RUSH sur FORTNITE,Souen,2025-10-05T07:45:03Z,20148,1167,36,FR
bt0zJCMjrB8,AI just tried to kill someone to avoid shutdown..,Asmongold TV  ,2025-10-06T04:00:45Z,342251,19840,5688,FR
Sc_PNMXzFzw,Bientôt un nouvel arc FM ?,Domingo Replay,2025-10-05T10:00:51Z,26758,931,73,FR
Qzw-Blf-pFY,LA RÉPONSE EST CATASTROPHIQUE ! Microsoft explique pourquoi le Xbox Game Pass a augmenté de prix...,Bibi300,2025-10-05T08:05:43Z,15210,927,284,FR
7qrshBt9rGM,𝐏̸̆̓̈́̕ͅ𝐨̸͉̳̟ͣ𝐜̦̩̆͟𝐤͈̑𝐞̤̹̖̀̑𝐃͎͚̼̍ͫͥ̕𝐚̸̵̘͍͐͗𝐭͍̬͚̓𝐞̴̙̜̤!̴̟̩͙̃͗͒ (INCROYABLE),Farod Live [REDIFF - VOD],2025-10-05T04:00:16Z,11172,878,40,FR
D3Kh3q8XIJY,VITALITY vs GAMERLEGION : Le résumé - ESL Pro League S22,Croissant Strike,2025-10-05T16:32:35Z,9157,258,9,FR
w9QRUqUvx8I,SURVIVALAMA - 2024 Partie 2 [Minecraft Animation],Terry Bleuh,2025-10-05T09:01:30Z,23401,1555,101,FR
KdVcOGa1_9U,"Le DRAMA sur l'ECONOMIE des SERVEURS sur DOFUS (Kamas, HDV...)",HUZ REPLAY,2025-10-05T14:48:00Z,11260,266,76,FR
FJK95xDBBqI,RANG 1 FUT CHAMPIONS… OH LA DINGUERIE DES RÉCOMPENSES 😱⚡ - FC 26 Ultimate Team,NeiKoohh,2025-10-05T08:22:13Z,10155,312,22,FR
OJv16uPuO9g,Long Slide Game With Cow Elephant Gorilla Hippopotamus Tiger 3d Animal Game Funny 3d Animals,Animals Tralala,2025-10-05T13:43:58Z,1264411,29963,3243,FR
zRaq2OLtIKo,TEAM FÉCA DE ZÉRO #1 | Une nouvelle team ATYPIQUE ! - DOFUS RÉTRO,Elito,2025-10-05T16:45:41Z,8981,452,195,FR
nJPv1WqnlNE,La Course SPIRALE La plus COMPLIQUÉE de GTA 5 !,Talcado Plays,2025-10-05T13:01:29Z,23453,473,17,FR
_8H3X3SILoI,AUCUN INTÉRÊT ! (POUR L'INSTANT) ANALYSE SUPER C-17 TEC ZLR ! | DRAGON BALL Z DOKKAN BATTLE,John Joodan,2025-10-05T10:44:40Z,13441,865,93,FR
1SYS_WR_ZmA,CONVOQUÉ PAR LES ADMINS POUR MON MAUVAIS RP ! GTA5,NawK,2025-10-05T15:30:01Z,10038,827,32,FR
THo--a4Ab1A,LILLE 1-1 PSG: Résumé  / Ligue 1 / Simulation de jeux vidéo et récréation,十Loork Football,2025-10-05T21:44:31Z,75872,345,0,FR
mfKsyONofac,TenZ TESTS & REACTS TO *NEW* BROKEN AGENT VETO !!!,TenZ,2025-10-05T10:34:09Z,768378,22534,944,FR
Pc50bKp6hZ8,Je fais le défi DARK OPS de la BÊTA ZOMBIES de BLACK OPS 7 🔥,FlapixTV,2025-10-05T12:00:43Z,7369,215,55,FR
hU1KC4gC7jk,Tout ce que Je DESSINE deviens RÉALITÉ sur Steal a Brainrot Roblox ! ￼,Talcado Roblox,2025-10-04T11:06:09Z,51440,1010,233,FR
iMp6L5RljfI,La plus grande opération d'espionnage de Minecraft.,Maz,2025-10-04T16:03:08Z,48702,4932,388,FR
f7mu8enSfDE,MES PREMIERES RECOMPENSES FUT CHAMPION FC 26,robert 87000,2025-10-05T09:01:03Z,9173,649,32,FR
ai8ru-h5AWU,On Doit Finir Minecraft Avec des OBJETS ALEATOIRES..,Dart,2025-10-04T07:00:01Z,86227,4688,141,FR
6RBuXm95lgE,"XBOX : ""Next-Gen ANNULÉE"" et ""MENSONGES""... C'est parti très loin et il faut qu'on parle ⚠️",Jeux Vidéo Magazine,2025-10-06T07:32:53Z,3844,402,100,FR
F6srBziWkZo,GHOST OF YOTEI : Mes impressions sur le jeu,Naito,2025-10-05T10:24:49Z,13288,590,102,FR
aTT3iCd9pRc,DES RECRUES QUI VONT TOUT CHANGER ! 🔥 | CARRIÈRE MANAGER FC26 NANTES #4,LEYTON V2,2025-10-05T10:00:02Z,10170,758,66,FR
ufA340dXTXA,ESL Pro League S22 - Day 7 Stream B - FULL SHOW,ESL Counter-Strike,2025-10-05T19:55:32Z,768789,4461,12,FR
4Q4d2OWX_J8,J'ai OUVERT 100 Los Lucky Blocks sur STEAL A BRAINROT !,MomoBlox,2025-10-05T09:14:34Z,17080,552,118,FR
9qi46Hy7lh0,Super Hero 3D Funny Game Saw Blade Challenge – Spider Man vs Squid Game Doll!,Super Hero 3D Challenge,2025-10-05T10:30:04Z,160148,639,41,FR
9E94J690xAA,L'Enfant Prodige BANNI à VIE de L'Esport,LSR,2025-10-05T16:15:19Z,9566,431,38,FR
5cqNVM0cFqo,Banker Simulator #2 [FR] J'ouvre 3 guichets!,Dan Field,2025-10-05T11:00:07Z,11083,730,44,FR
