video_id,title,channel,publishedAt,views,likes,comments,region
ko70cExuzZM,Taylor Swift - The Fate of Ophelia (Official Music Video),Taylor Swift,2025-10-05T23:00:06Z,7734572,634900,35531,GB
Pqd27aMlVvw,Avengers Doomsday | Spider-Man & Doctor Doom?!,Emergency Awesome,2025-10-06T02:54:52Z,52037,2143,178,GB
XZhXFbFCOu4,Race Highlights | 2025 Singapore Grand Prix,FORMULA 1,2025-10-05T14:34:17Z,3694129,77073,3599,GB
81Ot2ACvj1M,BILLY BILLIONS - DON'T CRY FOR ME,Billy Billions,2025-10-05T19:00:21Z,28467,1651,228,GB
juotSExrKYM,Megabonk - Official Launch Trailer,IGN,2025-10-05T15:12:58Z,46046,963,105,GB
k1BDlJ9Ms0k,Opening Strawberry Elephant LUCKY BLOCKS in Steal a Brainrot..,CaylusBlox,2025-10-05T17:11:26Z,1058818,15529,3400,GB
oLTe_ZXIEdE,GURU RANDHAWA - PAN INDIA - MV - BHUSHAN KUMAR,T-Series,2025-10-06T05:30:06Z,2515800,145112,8132,GB
8VdHp0ZoryE,skibidi toilet 79 (part 3),DaFuq!?Boom!,2025-10-06T06:15:09Z,1286068,162005,27464,GB
u5QWJmLi7kg,"ODUMODUBLVCK, Wizkid - BIG TIME (Audio)",OdumodublvckVEVO,2025-10-05T23:00:55Z,34876,3163,782,GB
Z0Qg8FHPKHI,I Got My OWN BASE in Steal a Brainrot...,CashBlox,2025-10-05T11:00:57Z,1198168,62139,3241,GB
--Vbey0sV8E,Teddy Swims - NRL Grand Final (Full Performance),Teddy Swims,2025-10-05T23:42:57Z,88561,5217,519,GB
Ex3tIQJvfYk,OUR FIRST FC26 PRO TOURNAMENT!,Hashtag House,2025-10-05T19:39:48Z,72027,2603,121,GB
78Q8_HzVRpw,Huntrix - Golden (Lyrics) KPop Demon Hunters,Rap Fusion,2025-10-04T11:30:05Z,220953,931,27,GB
82geeJnNW8o,Take The Wrong Pill & Die | Side Effects Roulette,Daz Games,2025-10-05T17:00:42Z,145586,8488,269,GB
dA8QJq_kVCk,Toto - Africa (Lyrics),World of Healing,2025-10-01T13:01:18Z,187180,1093,15,GB
rIUXC-s5wv8,OMG I PACKED A CARD THAT BROKE THE BANK ON SUPER SUNDAY!!! - FC 26 PACK OPENING,TWOSYNC,2025-10-05T19:30:08Z,56005,1904,161,GB
cQsX4kLwMYw,M1Caspa - High Notes (Official Video),M1Caspa,2025-10-05T18:00:06Z,2811,330,26,GB
8S55VTygoPQ,STEAL A BRAINROT GIVEAWAY LIVE | STEAL A BRAINROT FREE SECRETS + FREE BRAINROT GODS,Joxy,2025-10-05T20:24:47Z,390810,15647,36,GB
SSbrXfsIxIs,"Joe Cocker & Jennifer Warnes - Up Where We Belong (Night Of The Proms - Netherlands, Oct. 16, 1992)",Joe Cocker,2025-10-03T15:00:06Z,123461,2262,49,GB
bt0zJCMjrB8,AI just tried to kill someone to avoid shutdown..,Asmongold TV  ,2025-10-06T04:00:45Z,342251,19840,5685,GB
vGeDZon4CUg,Loco - 1 AM On Wooly Road [Music Video] | GRM Daily,GRM Daily,2025-10-05T16:17:07Z,14242,187,16,GB
K_kIfsG2zrU,SURVIVNG 99 NIGHTS with a PET BEAR in 99 NIGHTS IN THE FOREST... *NEW TAMING UPDATE*,Lana's Life,2025-10-05T16:30:16Z,575688,8549,2180,GB
k79ySIQl3pE,#CT YINGAA S4P - SW4 (Music Video) | Pressplay,Pressplay Media,2025-10-05T18:00:42Z,4179,302,31,GB
QuGTK4dQXOQ,THE RETURN OF SIDEMEN PRO CLUBS,MoreSidemen,2025-10-04T20:55:00Z,1033410,37754,1177,GB
oHGPaAXzbN0,Home,Good Neighbours - Topic,2025-10-02T10:04:38Z,10948,156,2,GB
Qv_1m8nFFHA,I Tried ADMIN ONLY SECRETS in Steal a Brainrot!!,KAYE,2025-10-05T19:08:29Z,377256,6954,1539,GB
OzeOGD-4EjY,Calvin Harris - Blame (Lyrics) ft. John Newman,ourmemoriestonight,2025-09-29T12:30:34Z,119476,348,1,GB
G1_diSlS3wc,I Tamed EVERY Animal in 99 Nights in the Forest,Koopekool,2025-10-05T22:00:24Z,443922,6252,805,GB
37PLwDaj7sU,99 CHEMISTRY.EXE,NoahsNoah2,2025-10-05T20:02:13Z,135501,17263,540,GB
fipwsCqHGqU,We built an 'Unraidable' Wizard Tower in Vanilla Rust... Ft Stevie,Willjum,2025-10-05T16:37:52Z,342448,14020,933,GB
gUsUYcQegwA,grow a garden admin abuse (stormy sunday),KreekCraft,2025-10-05T18:52:21Z,722344,12975,307,GB
yY1Tubo0Fco,I Takeover Barcelona for 10 Seasons… in FC 26,S2G,2025-10-05T13:22:21Z,344780,16521,2270,GB
F5Jd7ZSt8ak,We Broke ALL 206 BONES in Skate..,Caylus  ,2025-10-05T17:53:42Z,202755,7595,541,GB
l4pMThq1oQI,We Ruined Left 4 Dead 2 with Mods AGAIN,SMii7Y,2025-10-05T20:54:00Z,584286,30935,1130,GB
Hsn1McmvGUk,Sunday Slots with The Bandit!,The Bandit's Slot Video Channel,2025-10-05T17:00:20Z,25826,932,119,GB
CXod4W8LEBk,NEW PET TAMING is INSANE in 99 Nights in the Forest!,yalc,2025-10-05T07:46:55Z,1186157,11067,1462,GB
28_KFa02DlA,"People Asked for a City, I Built Them a Nightmare",Let's Game It Out,2025-10-05T14:53:30Z,800966,46755,2003,GB
B2wyOCJZ_3Y,SAKA PENS 🔥 FPL KNEEJERK GAMEWEEK 8 | Fantasy Premier League Tips 2025/26,Let's Talk FPL,2025-10-05T18:40:24Z,53316,1410,84,GB
O8ouRPbdDH4,SOLO Player VS Minecraft's Deadliest Team,FlameFrags,2025-10-06T05:57:06Z,119671,12249,2192,GB
t4KXpr1kPBc,LEVEL 1 CLASH ROYALE,Jynxzi,2025-10-05T23:06:17Z,450626,11431,840,GB
2u25NZwlSH0,stealing the best brainrot in the world,steak,2025-10-05T22:31:48Z,278745,10016,329,GB
eEv4nHXI2Y8,I Opened My Saved Packs For Cornerstones On RTG!,DannyAaronsRTG,2025-10-05T16:35:51Z,66187,1947,58,GB
e23e6Fmrm3w,How The Shopkeeper Acts when you leave... (Steal a Brainrot),Dash Roblox,2025-10-05T12:30:54Z,421723,4268,644,GB
idLJLdNQJdE,GTA5 - INSANE Prison Heist Finale With Pasta! [Part 2],VanossGaming,2025-10-05T22:05:11Z,308598,22423,917,GB
A-_d_u4K4FM,Why you MUST Complete this SBC!,NepentheZ,2025-10-05T18:08:53Z,43775,1029,113,GB
0xJnMRWUN04,84+ x10 RANK 1 CHAMPS REWARDS! 😲 FC 26 Ultimate Team,AuzioMF,2025-10-05T18:51:58Z,80632,1547,120,GB
mPKFLAkPyBQ,"Steal A Brainrot, But My Brainrots Can Breed",SoraBlox,2025-10-05T16:33:37Z,397347,2543,541,GB
OM7ZIFJIEn8,FUT BINGO IS BACK AND IT’S BETTER THAN EVER!!!,AJ3,2025-10-05T17:45:21Z,32292,845,66,GB
YIz-eUUlLCQ,ANIME Pillar Battles in Minecraft,SSundee,2025-10-05T17:30:09Z,317638,13302,669,GB
OpVlwRqavns,CAN WE GO 15-0 IN OUR FIRST CHAMPS?,Manny Plus,2025-10-05T18:33:32Z,49197,1116,52,GB
2MVTj-T2RBk,Fortnitemares FINALLY DID IT!,Top5Gaming,2025-10-05T21:28:42Z,280861,7012,302,GB
gy4wKNHwCTM,This Slide Isn’t Legal… (Waterpark Sim Episode 23),CaseOh,2025-10-05T22:00:46Z,317094,18261,1376,GB
lKmS83P-t6I,The First Thumbnail Never Happened | Ghost of Yotei [2],CoryxKenshin,2025-10-04T21:47:24Z,2277734,190319,19635,GB
9XwIY6HxKJE,I STOLE THE 8 RAREST BRAINROTS!,Foltyn,2025-10-04T23:58:02Z,1564217,19287,4484,GB
6xKf-giSd8Y,$250 Spins Hoping History Repeats Itself,Vegas Matt,2025-10-05T18:45:00Z,288461,17956,3283,GB
z4wNwZ6fQk0,The Town will fall... - Vampires SMP - Ep.4,Dangthatsalongname,2025-10-05T16:01:39Z,103155,11674,419,GB
S8AODo_FH_s,FIRST DRIVE IN MY ULTIMATE TRUCK SIMULATOR RIG!,More Trucker Tim,2025-10-05T16:00:50Z,36991,2272,445,GB
qfBx8dtFWV0,Elite 1 Squad Battles Rewards Pay MASSIVE! 🤑 FC26 Ultimate RTG #16,NepentheZ 2,2025-10-05T10:38:36Z,52561,1322,151,GB
huuVjrF10F0,Another video about SBMM in CALL OF DUTY,FaZe Jev,2025-10-05T21:07:02Z,215503,10429,1221,GB
DWLN4eTR65Y,DRAMATIC VICTORY! 🫨 | MotoGP 2025 Indonesia Grand Prix Race Highlights 🇮🇩,TNT Sports,2025-10-05T13:01:35Z,34870,,32,GB
ndHVj_X_xe0,I Used SECRET TUNNELS to Steal Update Brainrots 😂,Doodle and Arkey,2025-10-05T23:06:00Z,182303,2755,692,GB
AMU596NqjVs,WOW! 15-0 IN MY FIRST FUT CHAMPS ? + BIG COIN PROFIT!! 💰 FC 26 Ultimate Team RTG,AA9skillz,2025-10-05T22:00:15Z,40887,1747,158,GB
V--_ojt3Nr4,🔴LIVE ROBLOX! PLAYING STEAL A BRAINROT WITH VIEWERS *NEW UPDATE* #roblox #shortslive #shorts,Sxzxr,2025-10-05T22:04:39Z,229967,3623,1,GB
LO67SngAcsI,Selling a GOLDEN $100k CAR at my dealership!,Real Civil Engineer,2025-10-05T16:00:38Z,132215,7976,424,GB
DrebZyMNjkE,Zoey and Mystery get MARRIED In Roblox! (Kpop Demon Hunters),Huntrix Friends,2025-10-05T11:00:18Z,273190,7207,1494,GB
zqHNRsckvEs,"Guess The Player By Their Transfer, Buy Them",More Chuff,2025-10-05T08:01:11Z,196651,5571,289,GB
fE5VCpp6DBA,"Steal a Brainrot, But Your Brainrots Can GROW UP..",GaraBLOX,2025-10-06T01:26:04Z,102061,1314,160,GB
a8FciLdbkXA,I Got Minecraft's Strongest Armor,ManePear,2025-10-06T01:09:21Z,190414,8865,1108,GB
q0mjZN3F1yY,Treyarch is FINALLY LISTENING... Were They Forced?,MrRoflWaffles,2025-10-05T19:50:38Z,125521,4565,963,GB
8YgM0F0C8v0,🦷 🦷 £650 FOR ONE FREAKING SPIN!!!!!!!!! 🦷 🦷 ,OAB Gambling Channel,2025-10-05T18:00:13Z,10356,258,103,GB
wbaHJPaqc9w,Assassin's Creed Mirage: Valley of Memory,Ubisoft,2025-10-05T16:01:40Z,201655,9711,1073,GB
pwnhGzn99OU,Playing as a BABY OWL in the FOREST!,Dash,2025-10-05T13:01:36Z,233330,2807,258,GB
Mb7j6qxkriQ,"Roblox Steal a Brainrot - Lucky Block Opening, October 5th",JustAlx,2025-10-05T21:51:38Z,691371,22219,4,GB
IYGI-PzKxp8,Why I Ate My Friend's ENTIRE World...,Firelight,2025-10-05T02:00:27Z,379359,5003,323,GB
35Y--7rypIs,IM NOT GIVING UP. IM TAMING THE MAMMOTH.,BemmyBlock,2025-10-06T03:00:04Z,59254,2407,522,GB
akenijWKXzw,Join the Skeleton Army Evolution!,Clash Royale,2025-10-04T14:55:41Z,2799648,115452,2033,GB
b6DRZbYwpbk,REAL MADRID 3 - 1 VILLARREAL CF | RESUMEN LALIGA EA SPORTS,LALIGA EA SPORTS,2025-10-04T21:15:59Z,3548555,60130,2638,GB
O3yDFgAIu0U,I built a BOARDING SCHOOL in The Sims 4,lilsimsie,2025-10-05T19:00:18Z,96224,5462,263,GB
3HblbxncRqU,THIS POTM SBC List Is Getting INSANE!,TheFutAccountant,2025-10-06T04:01:10Z,17457,563,88,GB
Qxoq3peB44w,The World’s FUNNIEST Grow a Garden SHORTS! (VIRAL),Vindooly,2025-10-05T17:30:05Z,126087,4187,467,GB
tpMde90GzX8,MY FPL GW8 TRANSFER PLANS ✅ BENCH BOOST ACTIVE! 🚨,FPL Focal,2025-10-05T17:52:09Z,38662,1201,173,GB
dJjEvuXyqmM,We Attempted an Impossible Heist in GTA 5...,Slogo,2025-10-05T15:01:05Z,91722,5015,412,GB
zNdH72QXOEw,DO NOT Download These Cute Games ...They're Actually HAUNTED 27,LaurenZside,2025-10-05T15:54:12Z,157757,9960,991,GB
_X1wt-rfTFk,Surviving a Post-Disaster American Wilderness With My Dog and RV...,Fooster,2025-10-05T18:59:53Z,103567,6072,344,GB
HPn9mego2ZA,I Unlocked NEW MAX REBIRTH to Become Worlds First $100 Trillion Leaderboard Player,BachaBlox,2025-10-05T16:52:14Z,195748,3001,780,GB
BmJxfCZ_3k8,I made EVERY MINECRAFT MOVIE Character in LEGO...,STUDS,2025-10-05T20:10:14Z,47020,1179,39,GB
ncwLv4fKDUg,Roblox Grow A Garden FUNNIEST MOMENTS!!,FoltynPlays,2025-10-05T19:16:30Z,136816,4293,994,GB
Q4ZdRYQmHvM,Veto Official Gameplay Reveal // VALORANT,VALORANT,2025-10-05T10:35:00Z,422596,18813,1439,GB
0_8fo98Tnww,I Entered Roblox Big Brother...,Joe Bart Games,2025-10-05T22:44:56Z,166072,4867,340,GB
1L0vhcXu214,We Attempted The Insane 4 Player Pokemon Nuzlocke,UnitedGamer,2025-10-05T15:46:47Z,122161,9204,979,GB
Td8ve9jeOfA,MINIMINTER REACTS TO SIDEMEN AMONG US: FORTNITE EDITION,MiniminterClips,2025-10-04T13:30:33Z,381479,13677,384,GB
0lfcvXcvEm4,We Punched WALLS To Make TRILLIONS in Roblox!,RoBros,2025-10-05T16:58:09Z,136175,2350,399,GB
CQtCuWHqgZk,An EXPLOSIVE Game of WARZONE BINGO,MarleyThirteen,2025-10-05T18:51:27Z,13483,1269,68,GB
dRp1aSAguiY,Prime Danny Aarons Is Back,Danny Aarons,2025-10-05T11:45:03Z,93767,2327,141,GB
NcEMYRA2TRw,Using ADMIN To CHEAT in 99 Nights in the Forest!,Socksfor3,2025-10-05T23:24:24Z,106050,2679,566,GB
rH5lgwGYDRo,ROBLOX SAD HUNTRIX STORY..??,Tyler & Snowi,2025-10-04T21:47:00Z,722374,18515,1280,GB
NqRAcM73EnA,matthew,Ken,2025-10-05T11:45:02Z,335830,21599,1897,GB
xUD3YHZT2kM,Crazy FUT Champs Rewards Speedrun! 💥 FC 26 RTG #16,Fuji,2025-10-05T13:30:51Z,24404,643,40,GB
wGnP5rr6tWQ,CART RIDE - ROBLOX,Maizen,2025-10-05T11:01:27Z,391151,2709,293,GB
CvEi-ygjpMY,The NEW Flamingo,Flamingo,2025-10-04T23:49:30Z,959472,57127,5885,GB
c5axZBaxKq0,I Stole Brainrots From 5 YouTubers!,Zhong Gaming,2025-10-05T12:01:09Z,182941,5461,319,GB
oU9d54corWQ,"Casino Slots - Pushing the £10,000 Pie Gambles Again - Max Bet Bonus on Super Splash Frenzy and more",7 Neighbours,2025-10-05T15:23:41Z,9986,341,103,GB
gd3U2LqaEAg,I Found Zoey’s SECRET Minecraft World From 11 Years Ago…,Nico,2025-10-06T03:01:00Z,44974,1040,214,GB
nso3ie-cQGI,One Vampire at an all BOYS Sleepover!,Aphmau,2025-10-05T19:15:07Z,204690,6543,912,GB
7rR78m5Fkic,10 Video Game Things That Were AHEAD Of Their Time,gameranx,2025-10-05T14:43:44Z,195563,7247,635,GB
-OHVWtIaiso,"PLAYING MORE POPULAR Roblox Games *LIVE* (99 nights in a forest, + joins turned on!)",Sofi Manassyan,2025-10-05T18:55:03Z,823181,9328,78,GB
gv0SA2LSuBI,new ritual!,Jack,2025-10-05T08:13:13Z,287848,2116,7,GB
ufA340dXTXA,ESL Pro League S22 - Day 7 Stream B - FULL SHOW,ESL Counter-Strike,2025-10-05T19:55:32Z,768789,4461,12,GB
NHW0ff3UzbE,My BEST Draft Attack YET?! 🔥 Draft to Glory #16,DraftToGlory,2025-10-05T20:00:14Z,15582,493,35,GB
WgLZ4q8qWlE,Boys vs Girls in 99 Nights In The Forest…,Daaash,2025-10-05T21:42:53Z,59302,799,179,GB
13KhtPiht7I,We Spawned EVERY SECRET BRAINROT with the RIOT POTION in Plants vs Brainrots!,STUD 2,2025-10-05T15:05:21Z,114284,1090,152,GB
nmfpYFnCbbY,A Farewell to Remember :: Minecraft Hermitcraft,BdoubleO100,2025-10-05T14:02:37Z,133100,15594,994,GB
8Lfo23VkY4k,I Unlocked The New Yin Yang Base In Steal A Brainrot,Brook and Riley,2025-10-05T17:45:00Z,52354,846,200,GB
6HdJ0AOgtCU,Taming Every Animal In The Taming Update In 99 Nights In The Forest!,Grave,2025-10-05T02:07:13Z,385515,3604,651,GB
ufN2khvyN6E,The Flight of Jaffa Cak65 | Jaffa Factory 2 #149,Duncan,2025-10-05T17:30:27Z,21057,1964,104,GB
1q-RINyuSJs,We Tamed EVERY ANIMAL In 99 Nights In The Forest!,BrookBlox,2025-10-05T13:15:00Z,110991,1705,370,GB
5ZFkSVP__OE,🔴NRG vs FNATIC [GRAND FINAL] VCT PARIS 2025🔴,ohnepixel,2025-10-05T17:25:55Z,349760,8671,113,GB
CV1r0-dwGSw,Making Golden AXE in 99 Nights in the Forest🔦,Sunny and Melon,2025-10-05T19:30:01Z,102031,1242,211,GB
ZLoLAyeLe-c,What I Learned from Getting 3 Middle-aged Men Addicted to Minecraft,McKay,2025-10-05T03:00:06Z,239217,39732,2735,GB
X1aBQvq-y88,CORNERSTONES JOÃO NEVES SQUAD BUILDER SHOWDOWN!!!,KIRBZ,2025-10-05T08:00:37Z,34244,944,53,GB
XzZmo9HUZHk,$0 to $1 TRILLION with FOOD ONLY Brainrots...,Techy Plays,2025-10-05T20:15:02Z,133920,2162,343,GB
OdrUJcDYT3Q,Hermitcraft 10: Episode 41 - THE HOMESTRETCH!,Grian,2025-10-04T17:00:35Z,550874,42243,1391,GB
TyhTpWv7CAk,OUR MOST PACKS IN AN EPISODE SO FAR! (FC 26 Packed Out #13),ZerkaaPlays,2025-10-04T18:46:00Z,85964,3206,92,GB
PLEW0tLjNJ4,I Built MY DREAM Base in Roblox 99 Nights in the Forest!,ItsFunneh,2025-10-04T21:00:22Z,699722,31168,2798,GB
jIoNh4Pfvoc,Never Have I Ever FLIRTED WITH LILY!,Omz,2025-10-05T19:06:22Z,109382,2298,320,GB
Q0llaSGbdVQ,THE FIRST FUT CHAMPS OF FC26!!!,Pieface23,2025-10-05T07:00:33Z,23712,529,48,GB
aTOJio74zjI,A Game About Feeding A Black Hole,ImCade,2025-10-05T15:00:02Z,137572,4262,198,GB
M49RvPJtNcU,New Battles Modes Explained - Clash of Clans Update!,Judo Sloth Gaming,2025-10-05T12:00:39Z,466229,21655,1741,GB
jKAT9EmWljU,Wheelspin vs Wheelspin! - Forza Horizon 5,Goosiest,2025-10-05T16:34:26Z,98041,4866,695,GB
HkJuEcNu_8E,NRG vs. FNC — VALORANT Champions Paris — Grand Finals,VALORANT Champions Tour,2025-10-05T17:50:46Z,2692989,39900,190,GB
_EMUZZ5cLXI,The TAMING Update Is INSANE in 99 Nights In The Forest!,Roodolf,2025-10-04T23:45:50Z,494886,4014,686,GB
XtEPwknbGB0,Steal A Brainrot Admin Abuse (NEW UPDATE) 🔴,Brandon302,2025-10-04T19:58:16Z,1209368,24259,44,GB
PjDeZJfSzdw,Catching Predators 🟨 365 Days 🟨 Day 5/365 #shorts,Wakibrine,2025-10-05T21:53:48Z,118730,1157,9,GB
Xpe7fKZBx3E,Triple Flatbed Trailer McQueen Transportation with Truck - Speedbumps vs Cars vs Train - BeamNG #,MBK BEAMNG,2025-10-05T12:00:23Z,854377,4776,125,GB
_Xlb8mlE71U,I SEE IT NOW | Vampires: Episode 4,PearlescentMoon,2025-10-05T18:48:15Z,49245,5588,326,GB
3VLK1z6kN24,Every Second +1 SPEED to Escape Roblox School...,OmzBlox,2025-10-05T21:45:01Z,56731,762,60,GB
8eE8jeWO1Fg,99 Nights on ONE Block!,UnspeakablePlays,2025-10-05T14:00:11Z,105282,1394,177,GB
kW99ysEBuBY,The BEST Meta 15-0 Custom Tactics YOU NEED in FC 26!,bateson87,2025-10-05T09:01:04Z,28930,454,59,GB
hKMTRh3utAk,I Built THE HOSPITAL BASE in 99 Nights in the Forest! (Roblox),SnapieBlox,2025-10-05T15:01:11Z,94745,2920,262,GB
JLtsxBP5SxQ,The Road To Maxing Is Almost OVER,Odablock,2025-10-05T17:17:31Z,67812,4153,176,GB
T0IW18nWxTs,Unlocking DARK MATTER for FREEZE RAY in Roblox Rivals..,TanqR,2025-10-05T20:20:58Z,114032,3705,998,GB
t22XRtFdm3w,I Became A DOG And got TRAPPED In QUICKSAND in Roblox...,More Techy,2025-10-05T16:01:31Z,88205,1659,161,GB
mfKsyONofac,TenZ TESTS & REACTS TO *NEW* BROKEN AGENT VETO !!!,TenZ,2025-10-05T10:34:09Z,768378,22534,944,GB
P-TIN2A8KXM,WE WON!!!!!!!!! WE WON!!!!!!!!!!!!!,GothamChess,2025-10-05T07:45:05Z,352449,17035,1435,GB
DOYMIMXRjEY,CAYLUS AND STEAK REACT TO MY CRAZY TOP 100 STEAL A BRAINROT BASE 💀🔥,rustynickle40,2025-10-05T23:44:32Z,109876,2326,973,GB
qNcIP0HQE4g,I UNLOCKED EVERY NEW BRAINROT in Roblox Steal A Brainrot!,manofTaj,2025-10-05T09:01:18Z,346963,2569,302,GB
1A84gHZcDQo,I can't believe it. Black Ops 7 has almost won me over with the SBMM removal.,Blame Truth - The CODfather,2025-10-05T23:57:15Z,58616,4644,1894,GB
4-ziiXRDilE,Overwatch has gone too far...,Frogger,2025-10-05T21:00:06Z,83618,6639,268,GB
lPAQOoUMFE0,الرجل العنكبوت انقاذ باتمان Spider-Man Rescue batman vs iron man vs venom funny Game GTA 5 superhero,GTA Addiction,2025-10-05T10:01:14Z,1044147,146630,3549,GB
eusSIuAoI74,$0 to $1 TRILLION Using 3 ADMIN TRACKS in Steal a Brainrot,GioBlox,2025-10-05T16:17:43Z,75958,1105,160,GB
eSmyPjKLFwk,Lifesteal SMP Guess The Impostor,Pangi,2025-10-05T17:30:19Z,70451,4045,264,GB
ydZjms7ICV0,SAJA BOYS Escape The CARNIVAL OF TERROR In Roblox!,Saja Friends,2025-10-05T22:00:58Z,47592,595,19,GB
GQLk4afr9_s,Fisch Admin Abuse was Insane..,Bax,2025-10-05T16:09:35Z,82908,3591,185,GB
AVH83M6Rkxk,Using ADMIN COMMANDS on a HACKER ONLY SERVER…,Cash,2025-10-05T14:00:27Z,114679,1860,378,GB
mT8v-5WfRXc,Minecraft BUT You're STUCK in ONE CHUNK!,Finoggin,2025-10-05T16:01:15Z,49529,2706,268,GB
yMbu6fBxyaw,I Carried an E-GIRL to DAY 500 in 99 Nights in The Forest!,ZexZel,2025-10-04T20:02:40Z,171954,5968,636,GB
xRjSP-PZuUA,The pinnacle of mid game | The GMs Ep. 3,Muts,2025-10-05T18:12:30Z,37919,2008,117,GB
21oURhdGnhY,Fanta Tsunami vs Doomsday Bunker in Minecraft!,Johnny Minecraft,2025-10-05T21:05:21Z,135003,2287,234,GB
ufKF3og9Of8,What can you combine in Minecraft?,PrestonPlayz,2025-10-04T14:15:08Z,774649,12764,552,GB
W6fxiMJuWbc,I Built a Secret Base in Roblox Steal a Brainrot! FT. Nico,Topper Plays,2025-10-05T14:00:52Z,76936,1098,154,GB
9rDGFUUVqjA,DO NOT TRUST ACTIVISION! The Black Ops 7 SBMM Problem Is Crazy Right Now (Activision Hasn't Changed),NerosCinema,2025-10-06T03:26:48Z,26332,1810,617,GB
vnu-uyl_u3w,RAGE BAITING NAZ Until She QUITS! 99 Nights w/ The Norris Nuts,Norris Nuts Gaming,2025-10-05T09:01:15Z,55826,1345,207,GB
THF_u1AJb5k,The Stingray Is Pretty Crazy,Spookston,2025-10-05T16:30:10Z,166646,11704,999,GB
bxxIVudd4wM,I Rebuilt The FREE AGENTS DREAM TEAM On FC26!,CaniSports,2025-10-05T17:14:33Z,30340,1681,91,GB
rDYucFC6rVE,Gen Rushing in Solo is VERY FUN!,JRM,2025-10-05T12:44:09Z,135796,7324,252,GB
vGyFdSofH_U,Reacting to WEIRDEST 99 Nights in the Forest TikToks...💀💀,Avocado Playz,2025-10-05T11:01:28Z,241093,14782,2601,GB
HzI5u2a3OrA,🔴 [LIVE] THE ANNIVERSARY UPDATE For FISCH Roblox!,Carbon Meister Plays,2025-10-05T18:51:53Z,107675,2026,37,GB
aB3I3EE-dUA,THE PERFECT PACK PULL!!! FC 26 ROAD TO GLORY #18,La5ty,2025-10-05T11:00:03Z,20566,690,47,GB
rPZOcWj-CkY,Can I Beat Zi8gzag in his OWN Home Town?,JackSucksAtGeography,2025-10-05T14:30:44Z,53276,3221,258,GB
XoEqJBvNEX0,World’s Most Viewed LEGO YouTube Shorts!,MoreAliA,2025-10-04T17:01:30Z,261342,3594,124,GB
DVRWz5DdSdY,I TAMED A MAMMOTH in THE NEW TAMING UPDATE in 99 Nights in The Forest!,Bucket,2025-10-05T02:30:20Z,241558,3653,437,GB
Lya0leee-Xw,I Got EVERY New Brainrot in Plants Vs Brainrots,MeEnyu,2025-10-05T08:12:42Z,146867,2096,409,GB
JYrokL2lmCk,Defeating The Most BRAINROT Slap Tower EVER... (i lost braincells),Nizarisaqt,2025-10-05T17:30:13Z,157491,2500,551,GB
xicQHtnCMsI,WL But... I Can Spend MAX 20k Per Position!,BorasLegend,2025-10-05T21:45:04Z,20839,985,30,GB
9uE3WKlOcTA,LVL 2 GOOD DEATH!,Thebausffs,2025-10-05T14:00:14Z,290608,12959,347,GB
Fig5JzwgDck,Skate 4 Glitches are Getting MORE Insane...,ZexyZek,2025-10-04T16:00:25Z,388633,11018,494,GB
hlIVYlxLBBg,A HORRIFYING TRUTH | The Butterfly,Markiplier,2025-10-04T16:01:11Z,894278,58395,1431,GB
fpBuZ9up0q8,*NEW* KPOP Demon Hunters Mode in Fortnite!,TG Plays,2025-10-05T01:50:46Z,179440,3174,221,GB
UasgY3EqyT0,BLACK OPS 7 BETA!! LVL INCREASE AND NEW MAPS TODAY!! NFL SUNDAY. GO BIRDSSSSSSSSSSSSSS,Scump,2025-10-05T20:13:05Z,93570,1425,13,GB
1wZb5X5mEmk,What scares the Grumps? | Until Dawn [2],GameGrumps,2025-10-05T17:00:05Z,95998,5951,494,GB
WFha8pWTNac,Adopted by 67 KID FAMILY in Minecraft!,Drift,2025-10-05T02:00:35Z,463044,8301,1999,GB
eXFf8R0maTo,From FILTH to DIAMONDS in ONE Episode??!! - Minecraft Challenge,Hat Films,2025-10-05T18:00:37Z,15616,1447,175,GB
uMM5KFudyQY,The German Energy Crisis - Victoria 3 MP In A Nutshell,Bokoen1,2025-10-06T00:42:03Z,54880,4067,157,GB
Uf_vQNn7ze0,We Got Our OWN TROLL TOWERS in Roblox!,Angelazz,2025-10-05T16:06:05Z,53111,2284,277,GB
uTbyVQat57c,INVISIBLY hunting creators down as a Vampire,OwengeJuiceTV,2025-10-05T16:01:29Z,32554,4695,319,GB
6uC4vrb4eJY,Aaron's Wedding | Mermaid Tales: The Black Lullaby [Ep.5],Aphmau Diaries,2025-10-06T00:30:11Z,98416,8681,1234,GB
ryNOwqD_Vh0,NEW ARRESTED 6 7 RUINED MY ENTIRE BASE...,BemmyBlox,2025-10-05T09:01:13Z,243552,1892,412,GB
qTFMUplDGn0,I'M A VAMPIRE AND SO HUNGRY! - 04 - VAMPIRES SMP,ZombieCleo,2025-10-05T16:01:25Z,26546,3292,279,GB
HjuBwTFOTug,This is NOT a Lego Game Boy | Ashens,ashens,2025-10-05T13:55:39Z,53918,3779,362,GB
9HvT01ALiFc,OMG IT'S NOT OVER..!!! 😭,SinX6,2025-10-06T00:58:21Z,41472,1598,269,GB
8Qw5PPCGedM,My CRUSH Gave Me DARES in Dress to Impress,Ella,2025-10-05T12:00:23Z,88616,3165,547,GB
r0D_cTbqSoI,I Tested 23 HIDDEN Secrets in Steal a Brainrot!,Ghoulz Gaming,2025-10-04T21:30:07Z,166756,1158,53,GB
XxGrqpz-DnE,🔴LIVE: ADMIN ABUSE?!?! SECRET MYSTERY LUCKY BLOCK OPENING🔴,Lispy Roblox,2025-10-05T22:26:02Z,461450,8079,5,GB
Vk8RfYWiGg4,"Xbox Insiders LEAK - New Consoles DOOMED, More Layoffs, Retailers Revolt & Millions Lost!",LegacyKillaHD,2025-10-05T21:00:35Z,90952,4157,1309,GB
dH_dj64jU_E,🌳99 NIGHTS IN THE FOREST🌳,Sky,2025-10-06T01:31:47Z,353734,2837,4,GB
-AFZiNvsQp4,I Got Nothing But Tier 4 Items,Lazy Mattman,2025-10-06T04:00:01Z,50437,3031,285,GB
WvUAEnRugVc,My New Biggest Fear with Black Ops 7,TheXclusiveAce,2025-10-05T19:20:08Z,50736,3220,1265,GB
-h5vOn4N-8s,I got a Rear Wing Failure and my team REFUSED to fix it... in F1 25 My Team,aarava,2025-10-05T18:12:03Z,25596,1524,79,GB
h5cVKecUSWs,Fallout New Vegas: You Only Live Once Remastered - Part 12 - I Hate Sand,Many A True Nerd,2025-10-05T21:59:35Z,18283,1617,113,GB
3yyGeuZvub4,Cheaters Are Panicking Because of This,SirPugger,2025-10-06T00:21:29Z,41759,1544,517,GB
