video_id,title,channel,publishedAt,views,likes,comments,region
oLTe_ZXIEdE,GURU RANDHAWA - PAN INDIA - MV - BHUSHAN KUMAR,T-Series,2025-10-06T05:30:06Z,2515800,145112,8131,IN
D3Se71O96i0,Patriot Malayalam Teaser | Mammootty | Mohanlal | Mahesh Narayanan | Anto Joseph,Anto Joseph Film Company,2025-10-02T06:30:07Z,2963653,126191,6808,IN
2vuuPrk_lII,[Hindi] BMSD 2025 | Semi Finals | Day 2,KRAFTON INDIA ESPORTS,2025-10-05T15:22:32Z,3091239,91859,224,IN
AqUonMjxaog,Mayabini Ratir Bukut,Zubeen Garg - Topic,2025-10-04T15:56:32Z,281978,1949,0,IN
CY7m0KgIHmQ,"Parchhavan - Official Movie Trailer | परछावन | Bhojpuri Film 2025 | Rittesh Upadhyay, Richa dixit",Bhojpuri Cinema TV Channel,2025-10-06T01:30:13Z,108790,1199,47,IN
tomGtOIlF54,Choo-Choo Charles ne aaj mera dil tod diya! 😱 | Horror Gameplay #shortslive  #live,Kumar Gaming ,2025-10-06T05:04:23Z,860111,4615,2,IN
7F53ki6CXcQ,Top Non Stop Live Rasiya | एक से हटकर एक | Full HD Video #live,Shivam Music HD,2025-10-05T11:51:13Z,172228,1000,42,IN
AqbIRNL-vFo,Jodettu Official Kannada Teaser | Chikkanna | Sunil | V Harikrishna | K Somashekar | S Mahesh Kumar,DBeatsMusicWorld,2025-10-05T05:42:05Z,652918,20998,650,IN
OJv16uPuO9g,Long Slide Game With Cow Elephant Gorilla Hippopotamus Tiger 3d Animal Game Funny 3d Animals,Animals Tralala,2025-10-05T13:43:58Z,1264411,29962,3243,IN
ko70cExuzZM,Taylor Swift - The Fate of Ophelia (Official Music Video),Taylor Swift,2025-10-05T23:00:06Z,7734572,634900,35531,IN
t1huaCOto2k,Rambo - Official Trailer | Arulnithi | Tanya | Muthaiya | Sun NXT EXCLUSIVE | Premieres On Oct 10,Sun NXT,2025-10-04T14:29:24Z,359091,8766,370,IN
d0WhRoKPYZs,Long Slide Game With Elephant Gorilla Buffalo Hippopotamus Tiger 3d Animal Game Funny 3d Animals,Firodaliso FunAnimation,2025-10-05T14:18:58Z,601686,71335,1400,IN
CxnP8oR9n00,Kuanra Punei & Gajalaxmi Brata Katha | ଗଜଲକ୍ଷ୍ମୀ ବ୍ରତ ଗାଥା ଓ ପୂଜା ବିଧି | Namita Agrawal,Namita Agrawal,2025-10-06T00:00:13Z,66546,859,59,IN
ZGn3Qj3-pHc,NAIHAR SASURAL I नईहर ससुराल I OFFICIAL TRAILER I SANJANA PANDEY I BHOJPURI MOVIE 2025,B4U Bhojpuri,2025-10-03T02:30:27Z,1187151,5441,64,IN
M2Q1p3BNoC0,Shinchan Surviving 99999 Zombies! 🔥,Tyro Gaming,2025-10-04T14:08:28Z,716198,7429,687,IN
-yaUiBlOYn0,Kiss Kiss Bang Bang - They Call Him OG | Pawan Kalyan | EmraanHashmi | NehaShetty |Sujeeth | ThamanS,Sony Music South,2025-10-04T11:34:19Z,1641211,70404,1219,IN
i-8w5yDwukA,The Raja Saab Telugu Trailer | Prabhas | Maruthi | Thaman S | TG Vishwa Prasad | Jan 9 2026,People Media Factory,2025-09-29T12:30:27Z,20439101,571596,16494,IN
hE1vc-kNrHI,HARDCORE RANK PUSH TO #1 | CONQUEROR RANK PUSH | BGMI LIVE,LoLzZz Gaming,2025-10-05T22:35:52Z,416264,24777,31,IN
n0RIgky8nzc,"Singari Lyrical Song | Dude | Pradeep Ranganathan, Mamitha Baiju | @SaiAbhyankkar  | Keerthiswaran",Think Music India,2025-10-04T13:19:28Z,3842742,55949,1707,IN
B_yKePceij0,Mask | Aal Osara Aalankatti Promo | Vetri Maaran | Gv Prakash Kumar | Kavin | Andrea Jeremiah,T-Series Tamil,2025-10-04T13:41:36Z,449252,13468,227,IN
y0r3ycFfg-M,100 days but Its Team vs Team in Hardcore Minecraft 😱 | Twist ,Anshu Bisht,2025-10-06T06:30:37Z,231291,30733,3547,IN
M7NX_14oOl8,Payal Ki Khanak | Official Video | Hindi New Song | Anil Rawat | Mohit Love | Bhaigiri Music,MAHI ALWAR,2025-10-04T10:30:14Z,176621,793,14,IN
jHOnAk1dJBY,PISHACHINI | Official Trailer | Kajol | Ajay Devgan Films | New Movie Trailer |Teaser| Trailers 2025,Phantom Pictures™,2025-10-04T12:13:13Z,130567,1232,38,IN
8KhLNVyoRb0,Mr.Doorbin SPLIT My Village into Half in Minecraft..,Carry Depie,2025-10-04T09:27:36Z,1223047,13652,942,IN
r5lifKt5wK0,#Video - फोटवा जनवा लेतौ | #Ashish Yadav का एक और #मगही दर्द भरा गीत | New #Magahi Sad Song 2025,Khatu Entertainment,2025-10-04T00:30:43Z,659362,13098,395,IN
AGTVx1v_79k,FAMILY EXPRESS KANNADA OFFICIAL TRAILER 4K | JRM STUDIO | GOWRAV SHETTY | PALLAVI | BASKI | ROHIT |,JRM Studio,2025-10-04T15:30:07Z,65281,2350,65,IN
yU8G3kSIlok,Long Slide Game With Cow Elephant Gorilla Hippopotamus Tiger - 3d Animal Game - Funny 3d Animals,Jolly Kitty ASMR,2025-10-05T10:37:46Z,1524775,78181,826,IN
V2j_yTN15SY,#Video | मत जईहे पगली पगला के छोड़ के | #Ashish Yadav का मगही #दर्दनाक सॉन्ग | #Maghi Sad Song 2025,SAFALTA MUSIC MAGHI,2025-10-05T01:15:01Z,102549,501,17,IN
6F9zpvbsQ6g,Shambhala Telugu Movie - Official Trailer | Aadi Sai Kumar | Archana Iyer | Swasika | Ugandhar Muni,Everyday Show,2025-10-05T05:30:03Z,219568,4152,120,IN
XZhXFbFCOu4,Race Highlights | 2025 Singapore Grand Prix,FORMULA 1,2025-10-05T14:34:17Z,3694129,77073,3599,IN
Au3pUz_HvvA,Payal Ki Khanak | Official Video | Hindi New Song | Anil Rawat | Kajal | Mohit Love | Bhaigiri Music,Chulbull Records,2025-10-04T05:35:44Z,547009,2981,108,IN
7uBy1gkgWxQ,"Bhagwat Chapter 1: Raakshas | Official Trailer | A ZEE5 Original | Arshad W, Jitendra K | Pre 17 Oct",JioStudios,2025-10-02T14:36:48Z,2054586,45700,1270,IN
hkRGAj88T0E,Long Slide Game With Elephant Gorilla Buffalo Hippopotamus Tiger - 3d Animal Game - Funny 3d Animals,Animals Vmini 3D,2025-10-04T03:31:23Z,2636697,16718,313,IN
h5vG6jFpwuc,Somvaar Special Shiv Bhajan | Bhagvaan Shiv Bhajan | सोमवार स्पेशल शिव भजन | शिव भक्ति गीत #shiva,Pranam Bhakti,2025-10-05T11:30:39Z,62342,457,18,IN
2FLY-gn-hGQ,GIVE THEM NOTHING // Veto Agent Trailer - VALORANT,VALORANT,2025-10-05T10:35:00Z,694242,45225,1999,IN
Xpe7fKZBx3E,Triple Flatbed Trailer McQueen Transportation with Truck - Speedbumps vs Cars vs Train - BeamNG #,MBK BEAMNG,2025-10-05T12:00:23Z,854377,4776,125,IN
hRNAVOzOukU,புரட்டாசி சனிக்கிழமை பெருமாள் பாடல் ஒலிக்கும் இடத்தில் செல்வங்கள் நிலைத்து இருக்கும் | Apoorva Video,Apoorva Videos,2025-10-03T23:30:09Z,228786,1153,51,IN
nu2UQd7vstE,"Doomsday Trailer Release Date 🔥, Wanda Future in MCU, Demon Slayer & One Piece | Nerdy News 384",DesiNerd,2025-10-05T04:01:01Z,142629,8468,267,IN
6yskj-7Rb6I,GTA-5 World's Highest 😲😳😱दुनिया का सबसे ऊंचा !! IMPOSSIBLE SUPER MEGA RAMP 😲😱 CHALLENGE !! INDIAN DJ,Rajasthani Gta King ,2025-10-05T01:31:00Z,161017,441,5,IN
usQvctB7Mi0,"Meesaala Pilla Promo | Mana Shankara Varaprasad Garu | Chiranjeevi,Nayanthara | Bheems|Anil Ravipudi",T-Series Telugu,2025-10-02T12:34:10Z,5282001,133098,2836,IN
IWCktmwYgvo,"Avengers: Doomsday Trailer, Tobey Maguire’s Spider-Man 4 & Ghost Rider Returns | SuperNews",SuperSuper,2025-10-05T08:45:01Z,86293,4156,123,IN
WQYCffFVhpk,Franklin Stuck in Deepest Nose Hole - INDIAN BIKES DRIVING 3D,Tiox Play,2025-10-05T04:40:23Z,372422,1625,16,IN
2hiEFxxdVg8,#Video - बिहार सरकार - Raushan Rohi New Song - Bihar Sarkar - Srishti Bharti - Rangdari Song 2025,DIC Bhojpuri,2025-10-05T01:11:01Z,291953,16550,777,IN
S1FGXOamA5I,Dies Irae - Trailer (Malayalam) | Pranav Mohanlal,Night Shift Studios,2025-10-01T05:30:16Z,979584,36972,1341,IN
o6vdd4AbqJ4,"Rs1 vs Rs1,00,000 Luxury Bunker Mining in Minecraft",Junkeyy,2025-10-05T13:39:37Z,395786,10578,1122,IN
JH1Wk6kB8To,"Lugai Chhoti (Official Video) Ajay Hooda, Kavita Joshi | New Haryanvi Songs Haryanavi 2025 | DJ Song",Ajay Hooda Official ,2025-10-06T04:30:04Z,235482,38035,3755,IN
3otA3_r1kGA,Tiny Colourfull Tralalero Tralala VS Tiny Colourfull Tung Tung Tung Sahur in Indian Bikes Driving 3d,Max Aadi,2025-10-05T13:38:06Z,103230,282,3,IN
rZ8uVuIPUqg,#Video - #Raushan Rohi मगही गीत - तू है 300 वाली - #Srishti Bharti - #Shivani - #Maghi New Song,Raushan Rohi Entertainment,2025-10-03T09:30:35Z,1034597,41354,3981,IN
U3Fq-dhkF10,HIMLANDS NEW KING & QUEEN is BACK [S-6 part 37],YesSmartyPie,2025-10-04T09:01:20Z,1168655,90909,8146,IN
_5c6EmJurxc,"CIRCLE (Official Video) Amanraj Gill | Manisha Sharma, Shivani Yadav | New Haryanvi Song 2025",Nav Haryanvi,2025-10-06T04:30:08Z,113719,18571,612,IN
SvP8fBtisOs,Free Fire Max Live With Never Fold Gaming || Road To 1 Million🎯|| #freefirelive #shortsfeed,Never Fold Gaming,2025-10-06T07:51:19Z,204634,9135,,IN
oePD_YISjks,#video -Chal Jaib Mayke | चल जाइब मायके | #Akshara_Singh & Madhukar Aanad #Mintuaa New Bhojpuri Song,Akshara Singh,2025-10-05T00:30:47Z,228217,10117,668,IN
ttLNx_cV7OU,Sevilla vs Barcelona | LALIGA 2025/26 | Extended Highlights,FanCode,2025-10-05T16:45:00Z,133555,5102,562,IN
Ajdy4zbmX3c,#Video - #Khesari Lal Yadav - लाल घघरी - #Shilpi Raj - Lal Ghaghri  - #Akanksha Puri - Bhojpuri Song,Sur Music ,2025-10-03T01:00:11Z,2419959,123916,16086,IN
kU8DKziSKVA,Choo Choo Charles Monster Train with Ajay Khutail #shortslive #horrorgaming,Ajay Khutail,2025-10-05T17:55:33Z,501193,3687,2,IN
s8ieycCJZwE,"Mass Jathara - Hudiyo Hudiyo Promo | Ravi Teja, Sreeleela | Bheems Ceciroleo | Bhanu Bogavarapu",Aditya Music,2025-10-06T05:37:41Z,100777,6540,186,IN
5xjKCbNwi3I,Live Horror Game Granny #shortslive #granny #shorts,ANZU SENPAI,2025-10-06T08:20:18Z,330070,2576,7,IN
nm2-pZ31uWY,"आज "" शरद पूर्णिमा के दिन चमत्कारी व्रत कथा "" सुनने से विष्णु लक्ष्मी सभी मनोकामनाएं पूर्ण करते है",Bhakti Darshan,2025-10-05T22:15:02Z,68474,668,52,IN
e_TgBLE5_4o,From to Birth to Death as a Dog in Minecraft..,Karry Kraft,2025-10-04T12:16:20Z,584407,6554,378,IN
8S63oMM9mms,लक्ष्मी आरती हिंदी | Mata Laxmi Aarti in Hindi | Om Jai Laxmi Mata | #diwali #dhanteras #laxmiji,Netula Bhakti Mantra,2025-10-02T22:34:03Z,48657,409,15,IN
U6sCSVLRLNg,RANK PUSH  AND HIGH KILLS | 4.0 UPDATE IS HERE | BGMI LIVE | ERIC #ericislive #shortsfeed,ERIC is LIVE,2025-10-06T03:43:16Z,528834,9514,1,IN
4TJOiXqiHAY,Karva Chauth Pe Upasi | Official Video | Farmani Naaz | Anil Rawat | Nili Pili Chudi  | Naaz Music,Naaz Music,2025-10-02T12:59:30Z,922588,8530,230,IN
8VdHp0ZoryE,skibidi toilet 79 (part 3),DaFuq!?Boom!,2025-10-06T06:15:09Z,1285750,162005,27463,IN
YbjdmLVXyHs,GULZAAR CHHANIWALA - Dadson ( Official Video ) | Hallu Mandiaala | New Haryanvi Song 2025,Gulzaar Chhaniwala,2025-10-06T05:30:07Z,70131,14832,2341,IN
gNq98eQv66w,🔥GRANNY 1 KHELE 🔥 | #shortsfeed #shortslive #chainedtogethergame #shorts #live #wormateio,Skypat_Gamerz,2025-10-06T08:24:52Z,238387,2004,0,IN
JEsZhLEMNaw,#Video - रंगदार पियवा Vikash Rao & #Shilpi_Raj Rangdari Song - Rangdar Piyawa,Vikash Rao Official ,2025-10-04T01:00:08Z,249990,20828,2933,IN
3_OGKvxKwsI,GRANNY 1 KHELE 🔥 #shortsfeed #shortslive #chainedtogethergame #shorts #live #wormateio,VISHDEE is LIVE,2025-10-06T03:33:09Z,369970,7031,1,IN
K_JkTEW_ucY,Karva Chauth Pe Upasi | Official Video | Nili Pili Chudi le | Anil Rawat | Farmani | bhai giri Music,Bhaigiri music,2025-10-02T05:05:46Z,1459345,12622,281,IN
8XF9v9FulxY,LIVE 🔴 ROAD TO 1M 🔥 FREE FIRE LIVE 💀,Glex FF,2025-10-06T03:50:02Z,249964,1428,7,IN
H3CSJaKlGfo,शरद पूर्णिमा कथा - Sharad Purnima Vrat Katha - कोजागरी पूर्णिमा कथा ~ Purnima Ki Katha - Ras Purnima,Ambey Bhakti,2025-10-05T23:00:17Z,32859,332,13,IN
0OnCwCG8nHE,"GOBLIN IS BACK!! | SOUL COMEBACK🔥 , K9 DOMINATION!!",Mr Spike,2025-10-05T18:10:07Z,121361,10146,703,IN
5bq9Rw4yUBQ,Payal Ki Khanak   Instagram Trending Song Official Video   Anil Rawat   Kajal   Bhaigiri Music,DivyaRas Bhakti,2025-10-05T11:30:05Z,65056,188,7,IN
AZybiYqsgbM,Franklin Found Giant Spiderman Bike in Indian Bike Driving 3D,NpsDude,2025-10-05T11:09:43Z,204494,956,16,IN
HOZPEYAUGlA,సోమవారం స్పెషల్ భక్తి పాటలు | Lingashtakam & Bilvashtakam | Monday Lord Shiva Telugu Bhakti Songs,Bhakthi Peetham - భక్తి పీఠం ,2025-10-05T21:55:01Z,142210,650,32,IN
jsO5GMp7oEA,Tiny Horror Police Train vs Tiny Horror School Bus,Alpha Sena,2025-10-05T06:30:25Z,169180,602,4,IN
zDsqFpqbwxM,Jaya Jaya Gajalaxmi Maa | ଜୟ ଜୟ ଗଜଲକ୍ଷ୍ମୀ ମା' | Namita Agrawal | Gajalaxmi Bhajan 2025 | S. Music,Namita Agrawal 2,2025-10-06T00:01:11Z,20541,265,19,IN
3lDOYuABfkE,Avaritia Knocked on My Door in Minecraft,Blazzy,2025-10-05T11:50:00Z,318426,4864,223,IN
7HZxinyAvrw,One In A Million : Jordan Sandhu (Official Video) | Latest Punjabi Song 2025,Speed Records,2025-10-04T11:31:28Z,4378253,22399,2353,IN
b6DRZbYwpbk,REAL MADRID 3 - 1 VILLARREAL CF | RESUMEN LALIGA EA SPORTS,LALIGA EA SPORTS,2025-10-04T21:15:59Z,3548555,60130,2638,IN
1USy12QlqlY,"सोमवार पूर्णिमा के दिन सुन्दरकाण्ड घर में चलाकर रख दो बीमारी खत्म,कर्ज खत्म,धनवर्षा शुरू #sunderkand",Sundarkand Path,2025-10-05T22:00:01Z,25006,283,39,IN
DDVZckXTC18,GRANNY CAN'T CATCH ME😉😱 | GRANNY GAMEPLAY | #granny #granny3 #shorts #shortsfeed #shortslive,BOBIGamingYT,2025-10-06T04:51:05Z,218650,4397,0,IN
BEgeyBHqWj0,4K Video - Amdo Kapurmuli (Full Video) : Bishal Hembram & Juhi Pauria | Mahenta & Mampi,SANTALI WAVE ,2025-10-05T00:30:06Z,199529,3432,117,IN
-QeqhwKMHZ0,SHINCHAN AND FRANKLIN FOUND A SPIRAL WATER SLIDE BESIDE HIS SWIMMING POOL IN GTA 5,Yippi Gaming,2025-10-05T04:15:00Z,128787,1542,24,IN
Iq1jMdMiWGo,Ve Kamleya  |  Ve Kamleya - Rocky Aur Rani Kii Prem Kahaani  |  Altamash Faridi  |  Arijit Singh,Hindi Trending Songs,2025-09-29T07:06:53Z,371310,659,7,IN
LNospXBXI44,MINING 1 MILLION RAINBOW BLOCK IN MINECRAFT !!!,Dash Empire,2025-10-05T13:09:17Z,203161,3520,159,IN
AZC6zq2h85s,ZUBEEN DA AMAR HUWA TUMI,Release - Topic,2025-10-03T21:01:19Z,37210,678,0,IN
alskud1RhNM,I Cheated in Scary 99 Nights Deer Build Battle Challenge,AdiSpot,2025-10-04T07:30:01Z,576071,5791,712,IN
2drBOxrFl4s,"Aap Ki Kashish - Full Video Song |Aashiq Banaya Aapne | Himesh Reshammiya | Emraan Hashmi,Tanushree",T-Series Bollywood Classics,2025-10-03T13:30:02Z,386389,3675,129,IN
1mXhC9-AHf8,Gulli Bulli And Jason's Revenge Part 8 | Zombie Baba & Witch Horror Story | MJOH Toons,MJOH TOONS,2025-10-05T03:30:01Z,148441,956,139,IN
-25zAeAkegI,"Takkar (Official Video) Masoom Sharma | Manish Gurjar, Fiza Choudhary | New Haryanvi Song 2025",Dollar Music,2025-10-03T04:42:31Z,3301403,168713,14310,IN
ai-EVnpR4YM,Franklin Blue Gang Vs Shinchan Green Gang Vault Challenge In GTA 5!,Flight Gamer,2025-10-05T07:35:00Z,366406,9151,977,IN
LA-G8DKsuqA,Ram Aayenge The Celebration | राम आएंगे भजन 2025 |Special Bhajan 2025 | Ram Bhajan,Mahi Bhakti,2025-10-04T23:30:10Z,34138,244,10,IN
Lk2AX-29ELc,Top 1 Heroic to Grandmaster Free Fire Live Rank Push #freefirelive #freefire,AAWARI GAMER,2025-10-05T17:56:25Z,494758,6868,1,IN
bW61Po_L6Qs,Ban | Official Video | Masoom Sharma ft. Prithviraj Pilania & Amar Karnawal | New Haryanvi Song 2025,Udta Teer,2025-09-30T11:43:17Z,89204,434,10,IN
vAnXn7mDoq0,Surviving 99 Nights in Cursed Forest in Minecraft!,Flame playz,2025-10-05T08:30:36Z,220776,3063,197,IN
XgmFUZKJMms,Monday Morning Special- Shiv Tandav Strotam | Shiv Bhajan | Bhakti Song | Hindi Bhajan | Shiv Mantra,Bhakti Bliss India,2025-10-05T10:37:06Z,28847,246,11,IN
lJVGQ-JTDB0,Squid game war with Tung Tung Tung sahur in Granny house | Funny Horror Granny Animation,Horror School,2025-10-05T10:18:22Z,459287,6857,23,IN
WIxL6mvMDA4,#Video | पलंगिया हिलावेवाला चाही | #Arvind Akela Kallu | #Shilpi Raj | Sapna C | Bhojpuri Song 2025,Meera Music,2025-10-03T01:00:39Z,584647,17447,497,IN
4TgKtHNylz8,CAN I REALLY TRUST THEM? | No I Am Not A Human,BeastBoyShub,2025-10-05T07:30:02Z,334621,29892,2128,IN
wLUx5Obdyts,"सोमवार के दिन अपने घर में ये सुंदरकांड चलाकर रख देना कर्ज ,बीमारी खत्म और धन वर्षा शुरू",Wave Bhakti Parsad ,2025-10-05T23:30:20Z,17673,246,31,IN
zScAFG5Nm4A,I Stole NEWEST LOS SECRET BRAINROTS in Steal a Brainrot Roblox,SenpaiUnlimited,2025-10-05T03:39:00Z,513532,18409,4531,IN
CLTWb16P9M4,ॐ नमः शिवाय धुन | Om Namah Shivaya ShivDhun | NonStop ShivDhun | Daily Mantra | Ananaya Prakash,Maghaw Records,2025-10-02T21:30:01Z,25221,182,15,IN
mRgzRCB_AhM,🔴 SRM GAMING INDIAN SERVER ON LIVE 🔴,SRM,2025-10-05T10:39:43Z,349682,5151,12,IN
CmbsfW0Ckb4,"Ishq Manzoor | SSKTK | Varun, Janhvi, Sanya, Rohit | A.P.S, Jairaj, Amit, Nakash, Shreya, Antara",Sony Music India,2025-10-04T09:30:03Z,476622,11117,463,IN
lPAQOoUMFE0,الرجل العنكبوت انقاذ باتمان Spider-Man Rescue batman vs iron man vs venom funny Game GTA 5 superhero,GTA Addiction,2025-10-05T10:01:14Z,1044147,146630,3549,IN
jT9JKmrYwAg,#Video | स्पेशल छठ पूजा गीत 2025 - कातिक छठ पारम्परिक गीत | New Chhath Puja Song 2025 | #Chhath Geet,Hold Music Bhajan,2025-10-05T10:37:52Z,25576,136,1,IN
5hTf1W1jN5U,FINALLY OPENED NEW FLYING CAR SHOWROOM in GTA 5 REAL LIFE!🤑 #47,Dattrax Gaming,2025-10-04T05:33:35Z,691381,29242,3439,IN
bJFoh9CdEh0,Kuanra Punei Janha Go Phula Baulabeni - କୁଆଁର ପୁନେଇ ଜହ୍ନ ଗୋ |  Kumar Punei Song | Namita Agrawal,Odia Bhaktidhara,2025-10-04T23:30:11Z,47325,442,8,IN
4obPWrCobKs,BIGGEST YOUTUBER PRANK ON ME 😱 GARENA FREE FIRE ,Hakson is Live,2025-10-05T02:01:26Z,347431,8253,455,IN
fTB08H60ZGs,লক্ষ্মী দেৱীৰ নাম ভক্তিমূলক গীত,Babanita Das - Topic,2025-10-04T10:03:42Z,30195,383,0,IN
aTVlwV3Nvng,New Leagues & Battle Modes Explained in Clash of Clans,Sumit 007,2025-10-05T12:01:39Z,198676,13174,1356,IN
sQW4Df0ZmLw,दुनिया का सबसे मीठा भजन | राधे तेरे चरणों की धूल जो मिल जाए | Radhe Tere Charno Ki | Shyam Bhajan,Cultune Maithili ,2025-10-04T23:30:06Z,17275,81,4,IN
fcWeBrH29Ps,"India Women vs Pakistan Women Cricket Live Commentary, Match 6 | IND W vs PAK W Live Match Today",1iQ Gaming,2025-10-05T17:23:12Z,128900,1089,5,IN
YM_UxflJ6SY,#Video- शूटर पोसले बानी | #Tuntun-Yadav & Goldi Yadav | Shooter Posale Bani | New Bhojpuri Song,Hero Music Dhun,2025-10-05T00:30:34Z,21454,181,4,IN
K794asIvEJE,15 Youtubers vs Bixi Op 😱 They Called me H@CKER & Reported Me 🔥 Bixi Op vs Streamers | BGMI,Bixi OP,2025-10-04T08:25:17Z,404449,34699,17914,IN
fAKWARIeMNI,KILLA,Guru Randhawa - Topic,2025-10-05T20:09:59Z,47746,4033,249,IN
xjRgUNCHfTw,4. UPDATE IS HERE IN BGMI SOLO VS SQUAD🔥 #bgmi #bgmilive #shortsfeed #shortslive,NeonXPawanOP,2025-10-05T19:15:48Z,207774,4129,0,IN
xecWPKOBfG4,Purattasi 3rd Saturday Powerful Tamil Devotional Songs | Namo Venkatesa Perumal Songs,Emusic Abirami,2025-10-03T22:01:12Z,144730,544,17,IN
B8EsszEDMJs,Franklin VS ছোট ছোট ভয়ানক Train😨 | ভূতুড়ে JCB Bus Vs ভূতুড়ে Train | horror game - GTA 5 !!,MiLoN Bhai FF,2025-10-05T02:31:26Z,198084,497,9,IN
KW4Qgo_Cpa4,शरद पूर्णिमा 2025 स्पेशल भजन |Vishnu Ji Lakshmi Ji Ke Bhajan|Bhajan 2025| Sharad Purnima Bhajan 2025,Bhakti Sadhna भक्ति साधना,2025-10-05T11:45:02Z,17440,135,14,IN
qZBJxf3pFxQ,Franklin Turned His House into A Prison in GTA 5 | SHINCHAN and CHOP,HAMID-T GAMING,2025-10-05T04:01:05Z,378310,6069,306,IN
HorQBP4hswc,नसीब वाले ही सुन पाते है - शरद पूर्णिमा कथा | Sharad Purnima Katha | Kojagiri Purnima Vrat Katha,Aaj Ke Bhajan,2025-10-06T00:30:13Z,17789,240,8,IN
EuE0i_Zv4tU,INDIAN BIKE DRIVING 3D LIVE ONLINE GAMEPLAY #shorts #108 #shortvideo #gaming #akgaminghigh #live,AkGamingHigh,2025-10-06T04:52:16Z,363026,2027,0,IN
icenxqWWpmc,Woh Humse Khafa Hain  |  Tumsa Nahin Dekha A Love Story  |  Shreya Ghoshal  |  Udit Narayan Songs,Old Hindi Filmy Songs,2025-09-29T12:14:54Z,192538,285,4,IN
tWWP5ZfVDys,I Stole ALL NEW LOS SECRET BRAINROTS IN STEAL A BRAINROT 😱,Ayush More,2025-10-05T15:02:38Z,116835,2425,641,IN
8b71gm30nts,Neend Na Aandi Ke (Official Video) | Gold E Gill |Mannu Pahari | Raveena | Latest Haryanvi Song 2025,Gold E Gill,2025-10-01T11:30:22Z,336295,14719,423,IN
TJSrsCGz0CQ,ROAD TO 2M SUBS DAY 1 Free Fire Live 🔥#freefire #tondegamer #shorts #riotff #zinfreefire,Zin free fire,2025-10-06T09:24:29Z,141111,3613,1,IN
g_3S45gKy1Q,"Pardesi Pardesi | Alka Yagnik Udit Narayan | Aamir Khan, Karisma Kapoor | 90's Evergreen Songs",Music Cafe,2025-10-03T13:01:32Z,138755,454,8,IN
k6XPhTeEgVE,🤩Franklin's House Upgraded In POLICE STATION in Indian Bike Driving 3d!,R A T 🐭,2025-10-06T06:41:01Z,61468,1065,37,IN
j2bBjTVFZ4s,Kaka - Heer  (official Teaser) | New Punjabi Song 2025,Kaka,2025-10-05T09:30:22Z,127151,5342,271,IN
RwQbWUKZf1I,🎯FREE FIRE LIVE🎯BR-RANKED PUSH TO GRANDMASTR😲2X AWM GAMEPLAY ON LIVE💀💻,DAD I AM OK GAMING,2025-10-05T20:31:32Z,180792,2539,1,IN
foux1lNXcqg,#devigeet2025 | मईया लुभाईली ओड़हुलवे पर | Anjali bhardwaj Ka devi geet | New Bhakti Song,UMANG RANG,2025-10-01T11:01:24Z,14661,71,1,IN
U8tQzLcG-hs,Franklin House Enter Inside Giant Franklin Mouth in Indian Bike Driving 3D,HarshTatsuya,2025-10-06T04:30:21Z,37184,396,22,IN
VN3jwDUpKks,"Gopal Bharwad | બંગલા તારા પાકા પાયા ના, કાચી માટીના ઘર | Manisha Bharwad | New Gujarati Song 2025",RDC Gujarati HD,2025-10-05T11:00:53Z,20569,199,3,IN
bZyFXAqTiUE,DIWALI CARNIVAL EVENT 🪔 Free Fire MaX,STAR GAMERS,2025-10-05T15:00:00Z,94877,9440,692,IN
fRgLpWoOkg8,New Punjabi Songs 2024 Apa Fer Milaange Official VIDEO Savi kahlon Latest Punjabi Songs 2023,SingleTrackFansVEVO,2025-09-30T11:01:07Z,116067,638,5,IN
MVC41MwmWck,free fire😱 special 200k subscriber🔥 #freefire #gaming #garenafreefire 🔥#video #fflive #live #ristar,BM Dragon,2025-10-06T09:16:21Z,175961,2405,0,IN
4K8BWfyL-Sw,Maa Lakshmi Panchali | Kojagari Lakshmi Puja |  Apily Dutta Bhowmick | Lokkhir Panchali ,RDC Bengali,2025-10-04T23:30:01Z,16075,160,10,IN
9_WwUL1V7Fs,I Became the Monster I was Scared of.. (Silent Hill f ENDING),Live Insaan,2025-10-05T09:15:00Z,301662,15391,1972,IN
Ej6BjRFRYks,MERA HUA - Ek Deewane Ki Deewaniyat | Harshvardhan Rane & Sonam Bajwa| Annkur | Sachin | Anshul Garg,Play DMF,2025-10-03T05:30:00Z,13052025,234016,52142,IN
LQEKKykZ99g,OP Rank Push Time 🔥 Garena Free Fire #freefirelive,Badge 99,2025-10-05T13:55:15Z,697661,18488,68,IN
Qu5OFBl7k1E,03 Avi,Kriti Music,2025-10-05T06:45:02Z,17235,64,3,IN
zx-OzyVcLoQ,🔴 CHHOTA AJJU IS LIVE  | FREE MEETUP | AJJUBHAI VOICE | GO 10K #freefire #live #trending #ajjubhai,CHHOTA AJJU,2025-10-05T19:37:04Z,414194,8486,3,IN
yMFX5sN0akY,"Enjaami Thandhaane - Dhanush and GV Prakash Kumar Performance | Idli Kadai | Dhanush, Nithya Menen",Saregama Tamil,2025-10-03T14:30:50Z,153839,2776,48,IN
p5g-B8N7viU,i Found Scariest TUNG TUNG TRACTOR 😱 in Minecraft | Minecraft Horror |,Prabu,2025-10-05T17:16:29Z,42565,224,2,IN
v6KGFT7uUWA,Yaar Ka Sataya Hua Hai (Lyrical) B Praak | Nawazuddin Siddiqui | Shehnaaz Gill | Jaani | Arvindr K,DM - Desi Melodies,2025-10-03T05:30:33Z,165298,1164,31,IN
hbndQlEgXzU,NEW SEASON CSR 😎 PUSH TO TOP 1 GRANDMASTER 😎👽 #shorts #shortsfeed #shortslive #raistar #freefire,GW KARAN,2025-10-06T03:19:39Z,351263,2012,8,IN
kJ6U3CRiqi4,"Karwachauth Pe Ke Lyana Se(Official Video) Gulshan Music,Jaat Nia| New Haryanvi Songs Haryanavi 2025",Gulshan Music,2025-10-05T04:09:57Z,24147,2674,562,IN
1So4xaq8mEc,Next Mystery Shop Event Free Fire 🤯🥳| free fire new event| ff new event| upcoming event in free fire,FAKE GB YT,2025-10-05T15:43:44Z,80493,5113,456,IN
Z2ABErpFWCY,సోమవారం శివుని భక్తి పాటలు | లింగాష్టకం | శివాష్టకం | Monday Special Lord Shiva Bhakti Songs Telugu,Omkaram - ఓంకారం,2025-10-05T22:15:01Z,36912,170,16,IN
TS_eS8xe4bE,Chinu Tinu Aur Sar Kata Part 5 | TINU KI SHAITANI | Gulli Bulli | Cartoon | Baba Wala,Chinu Tinu Fear Story,2025-10-06T03:45:03Z,25221,126,1,IN
_GpEJGqYjkM,Chudi Ki Khanak | Official Video | Hindi New Song | Babita Sehra | Viral Dance Video #गजल #sadsong,Mahar Studio Todabhim,2025-10-04T00:30:11Z,228099,975,25,IN
1s4K_7BjB-Q,gulli bulli baba aur evil nun ki shadi | full story | gulli bulli | evil nun | gulli bulli cartoon,make joke wanted,2025-10-05T01:18:37Z,107851,1696,55,IN
SHu1Nh2J544,"सोमवार शरद पूर्णिमा Shiv Bhajans, Vishnu Chalisa Lakshmi Chalisa,Om Jai Jagdish Hare Aarti,Amritwani",T-Series Bhakti Sagar,2025-10-06T00:30:32Z,24154,296,41,IN
0jy_jgxsKbI,🔴[Live]👑AAJAO CUSTOM KHELTE HAI🙃Garena Free Fire !!|#freefire #riotff,RIOT FF,2025-10-06T06:45:52Z,324289,10238,26,IN
RpqI1Yq09nc,2025 कार्तिक मास स्पेशल भजन~New Tulsa Bhajan 2025 ~Tulsi Bhajan~New Bhajan ~Kartik Mas Bhajan 2025,Shree Bhakti Sagar,2025-10-05T10:28:17Z,11660,119,7,IN
SfXFyn036yk,CSR PUSH TO REGION 999+⭐🚀GO FOR 150K 🔥😎🖥#classyff #shortslive #verticallive #freefire #shortsfeed,Sher Live,2025-10-06T08:22:34Z,133046,2086,0,IN
2l6EP2R4uYo,"#Video | दोसरा के पटावल | #Tuntun Yadav, #Goldi Yadav। Dosara Ke Patawal | #New Bhojpuri Song 2025",Tejash Music World ,2025-10-05T01:15:01Z,122637,6223,681,IN
sXsTBsWqJTU,लगाई दिही चोली या के हुक राजा जी #arbindakela huk raja ji song singer- arbind akela kallu ji,Game Beatz studio ,2025-09-30T12:14:39Z,50118,183,3,IN
Id9pchvlv_E,Non Stop Maa Gajalaxmi Bhajan | Gajalaxmi Bhajan Jukebox | Sasmita Mishra | Bhakti Upasana,Bhakti Upasana,2025-10-05T01:30:06Z,31190,294,13,IN
bWzTC69dRUg,CS RANK PUSH ON LIVE || Annu Play  || Road To 200K  Booyah!❤ #freefirelive #shortfeed  #femalegamer,Annu Play,2025-10-06T09:17:00Z,203595,5540,6,IN
lZPGgVm2RJk,"शनिवार के दिन जरूर अपने घर में ये सुंदरकांड चलाकर रख देना कर्ज ,बीमारी खत्म और धन वर्षा शुरू",Kesari Nandan,2025-10-03T22:30:18Z,211395,2459,314,IN
3L6wtuOMuZ4,I STOLE EVERY NEW LOS SECRET BRAINROTS IN STEAL A BRAINROT ROBLOX !!,Shivang Mini,2025-10-05T08:11:33Z,238655,7687,999,IN
mGkDcuR_buU,तुने साथ जो मेरा छोड़ा दीवाना तेरा मर जायेगा | Tune Sath Jo Mera Chhoda | Adhishta Anushka Bhajan,Sawariya Live HD,2025-10-05T00:30:06Z,48212,340,12,IN
oIT51ledupA,Level 1 Player Having v Badge & 9999k Likes Noob Prank With Random Players 😱 - Garena Free Fire Max ,Assassins ARMY,2025-10-05T02:56:51Z,220694,14320,746,IN
WMsm9VWwEqE,Chand Ke Paar Chalo  |  Chand Ke Paar Chalo  |  Alka Yagnik  |  Udit Narayan Songs,Udit-Alka Specials,2025-09-30T07:06:23Z,168780,262,3,IN
gwPiQCKMCS0,नया नया ड्राइवर हो हरनवे धाई धाई दबता 😚 free fire video 😎🫵 🎯,Mr sonu  ff,2025-09-28T07:47:53Z,90436,249,12,IN
67sWVZSuXnM,Black Ride (Official Music Video) Dhanda Nyoliwala | Hammy Muzic,Dhanda Nyoliwala,2025-10-02T11:00:07Z,3124664,94928,4567,IN
C07BAMx7y9Q,MINECRAFT DAY 10 -  Building Sheds For My Chickens And Sheep During Heavy Rainfall ☔🌧️!!,JENI GAMING 2.0,2025-10-05T05:30:06Z,69013,3263,542,IN
hoEDi4EaIWc,बालाजी आ जाओ एक बार |Balaji Aajao Ek Baar |Sunil Sharma|Naresh Sisai|Vijay Rajput Balaji Bhajan 2025,Shyam Amrit Vaani,2025-10-05T05:45:03Z,14556,107,8,IN
tIhdO1sPZk0,"Left S8UL mid Event😱 GODLIKE Rivalry Again!🥶All Reaction,Soul Goblin Record,Dynamo after CONTROVERSY",GamingNews15K,2025-10-05T16:52:11Z,100547,3902,167,IN
oSniUiOm0VI,DO TARFA PYAAR | SAAJ BHATT | PRASHANT RAJPUT | SHABNAM LAYEK| AMAN PRAJAPAT | SANJEEV CHATURVEDi ,Beat Bazaar Music,2025-10-04T05:31:08Z,144212,10535,4521,IN
hOMuJsrXCm4,NEW SEASON| RANK PUSH |ROAD  TO  #50 CONQUEROR | BGMI LIVE,Oliver GG Live,2025-10-05T21:06:08Z,113161,1584,19,IN
Ll8-y3b0SBI,Payal Ki Khanak | Official Video | Hindi New Song | Anil Rawat | Kajal | Mohit Love #गजल #sadsong,Vaani Records,2025-10-01T06:02:01Z,621262,3651,44,IN
Fs2leVUjb2Y,Franklin Fall in Deepest Police Station  Hole - INDIAN BIKE DRIVING 3D,FRONIX,2025-10-05T09:39:54Z,71531,,9,IN
cIFGncRwALI,Ishq Sufiyana (Slowed),Ajay Pratap Singh - Topic,2025-10-03T06:08:09Z,104349,383,0,IN
gBCmsYXD888,King Octopus Creates the Biggest Tsunami Ever - GTA 5,Mask Girl Gaming,2025-10-04T14:58:19Z,85579,1872,40,IN
rVAUq-5Cs00,गोली दूध में  !! Goli Dudh Me De Aai Jane Na Balama !! Singer Ajeet Katara !! Payal Ki Khanak ||गज़ल,Tamanna Film Studio,2025-10-02T04:51:51Z,366528,3473,75,IN
aIaAJpS-_ZU,Kaun Banega Crorepati 🔥 Road To 1.5 Million Subscribers 🤴 #freefirelive #shortsfeed #gaming #shorts,hk2fy,2025-10-05T05:52:06Z,245566,10573,8,IN
bcW3FXvrU98,भरे कोर्ट में शादी होगी बाबू तेरे साथ में || Bhare Cort Me Shadi Hogi Babu || DG Mawai & PS Queen,Dancer Golu Mahrawar,2025-10-04T01:30:23Z,20529,168,3,IN
HTJZpssy6Eg,SOLO VS SQUAD IN BGMI NEW UPDATE 4.0 HERE 🔥 #shorts #shortsfeed #shortslive #bgmi,MR MAFIA YT,2025-10-06T06:59:29Z,193970,1960,0,IN
jUzk7w2GiOs,Latest Hindi Songs 2025💖Best Romantic Songs | Heart-Touching Hindi Love Songs, Bollywood Melody Hub,2025-10-06T01:01:54Z,17705,79,2,IN
5eWwQORJEVU,DASH CIRCLE VS FRIENDS CIRCLE IN MINECRAFT !!!,Dash Craft,2025-10-04T12:48:13Z,254382,3645,216,IN
t2od_p1Y2a8,"Payal Karwachauth Ki (Official Video) Gulshan Music ,Jaat Nia | New Haryanvi Songs Haryanavi 2025",VATS RECORDS,2025-10-02T03:30:21Z,1474049,50638,2834,IN
RCSiFsbRU2U,INDIAN THEFT AUTO New Spiderman Update😱 New Superpowers,Target siblings Gamerz,2025-10-04T09:30:14Z,326344,6471,1567,IN
XHTUJxSXeSw,#video | #हाथ जोरय छियो | #rasalpuriya new song | #haath jore chhiy | Anya entertainment  #viral,Anya entertainment,2025-10-03T12:30:06Z,81691,3218,98,IN
wnUIOZerpr0,🔴 FREE FIRE LIVE👻GARENA FREE FIRE💀GUILD TEST LIVE !! GAMING NINJA #fflive #shortslive #ff #shorts,NINJA TIME,2025-10-05T19:16:14Z,588242,6971,1,IN
RaJxKs0hYfg,Video | नीलकमल सिंह का तहलका ब्रांड हिट रोमांटिक सांग | Neelkamal Singh | Raja Ke Raani | New Song,Time Film,2025-10-04T14:17:02Z,35937,123,4,IN
mO-5ncD-EL4,GRANNY UPTOPIAN GAMEPLAY - ALL CHARECTERS ,Gamer Bae Live,2025-10-05T05:22:05Z,140541,1332,119,IN
uhkaDI0iOYc,श्री कृष्ण गोविंद हरे मुरारी | KRISHNA BHAJAN ( FULL SONG) Shri Krishna Govind Hare Murari,Atma Raag,2025-10-05T00:00:06Z,15406,99,1,IN
zvgvUwvumHc,"$১ SUPERMAN থেকে $১,০০০,০০০ GOD SUPERMAN এ আপগ্রেড ! GTA 5",Gamer Bhai,2025-10-05T07:30:41Z,227651,2904,35,IN
SbqchRmWKk0,श्री कृष्ण गोविन्द हरे मुरारी हे नाथ नारायण वासुदेवा ~ Shree Krishna Govind Hare Murari #devotional,Dharmik Geet,2025-10-04T21:30:06Z,38480,239,8,IN
m1hovVrxv6o,Unboxing 99 Night Deer in Forest in Roblox..,Karry Mini,2025-10-05T08:44:25Z,188546,2174,169,IN
rofD8OXyO-c,Pawan Singh का दर्दभरा देवी गीत विदाई गीत Chhodi Ke Jani Jaihe Bhojpuri Sad Devi Geet,Bhojpuri Bhakti,2025-09-29T23:30:31Z,283488,1355,47,IN
r5qGoSMHMBY,GO 800K BACK TO BACK BOOYAH💀TSK FF😱#freefireprank #freefirelive #totalgaming #tskff,TSK FF,2025-10-06T04:43:28Z,120390,2204,0,IN
Kv9y-wtuOVo,Aalu Matar (Official Music Video) Diler Kharkiya | Anjali Raghav | New Haryanvi Song 2025,Dabble Voice Music,2025-10-02T13:00:43Z,195982,883,22,IN
7ZeGEfw8wHo,Ye Baby Nahi Shaitaan Hai - The baby in Yellow (Part 1) | the baby in yellow game definition hindi,Game Definition,2025-10-05T06:12:04Z,103363,1348,180,IN
wI44BxM8lbw,"#Video | SHOOTER | #Tuntun Yadav, Goldi Yadav | शूटर | New Bhojpuri Rangdari Song 2025",Rangarang Music,2025-10-03T10:01:42Z,42118,318,2,IN
LR19WslOSM8,Franklin Become Spiderman To Fight Hulk Team - INDIAN BIKES DRIVING 3D,Dad Gamerz Official,2025-10-04T11:30:17Z,126033,464,2,IN
CE85VwLqICs,#Video | पवन सिंह | भोजपुरी का सबसे हिट सांग | #Pawan Singh & #Shilpi Raj | Jukebox Hit 2025,Jhankar Music11,2025-10-04T13:30:16Z,61277,222,3,IN
