video_id,title,channel,publishedAt,views,likes,comments,region
ko70cExuzZM,Taylor Swift - The Fate of Ophelia (Official Music Video),Taylor Swift,2025-10-05T23:00:06Z,7734572,634900,35531,US
m0ETl6z9L8o,LANDMAN Season 2 Official Trailer (2025) Billy Bob Thornton,KinoCheck.com,2025-10-03T13:25:18Z,152336,454,37,US
lKmS83P-t6I,The First Thumbnail Never Happened | Ghost of Yotei [2],CoryxKenshin,2025-10-04T21:47:24Z,2277734,190317,19635,US
kCBX8lgPo1I,YFG Fatso - Floating ( Official Music Video ) [ Edited By Fatso],YFG Fatso,2025-10-05T19:00:37Z,58290,5834,300,US
Pqd27aMlVvw,Avengers Doomsday | Spider-Man & Doctor Doom?!,Emergency Awesome,2025-10-06T02:54:52Z,52037,2143,178,US
k1BDlJ9Ms0k,Opening Strawberry Elephant LUCKY BLOCKS in Steal a Brainrot..,CaylusBlox,2025-10-05T17:11:26Z,1058818,15529,3399,US
gDMpgXLZARw,FUERZA REGIDA - MARLBORO ROJO (Letra),Sonido Regional,2025-10-04T21:00:41Z,267737,286,3,US
Wbtu1hJneCQ,The Dragon King | The Silver Queen Teaser,The Dragon Prince,2025-10-04T19:00:29Z,243482,18553,1055,US
Z0Qg8FHPKHI,I Got My OWN BASE in Steal a Brainrot...,CashBlox,2025-10-05T11:00:57Z,1198168,62139,3241,US
XTpTJd8ucbQ,Fuerza Regida - TU SANCHO (Letra/Lyrics),Creative Chaos,2025-10-04T13:01:08Z,501160,635,6,US
t4KXpr1kPBc,LEVEL 1 CLASH ROYALE,Jynxzi,2025-10-05T23:06:17Z,450626,11431,840,US
s5hcQqypYcQ,Jarahn - Kiri (Prod by Dr Wiz - GL Production)(Audio),Jarahn,2025-09-27T03:56:55Z,45271,1866,147,US
XZhXFbFCOu4,Race Highlights | 2025 Singapore Grand Prix,FORMULA 1,2025-10-05T14:34:17Z,3694129,77073,3599,US
VlgaApCb3Uw,Que Onda - Calle 24 x Chino Pacas x Fuerza Regida (Letra),Keller Lyrics,2025-10-05T19:00:06Z,49939,115,5,US
Qv_1m8nFFHA,I Tried ADMIN ONLY SECRETS in Steal a Brainrot!!,KAYE,2025-10-05T19:08:29Z,377256,6954,1539,US
uh7AaPMv5yM,"Sua Lo Mala'c (feat. Nineden, Dirtheedogg & Baka Jay)",Gobby YT - Topic,2025-09-20T10:53:59Z,80847,1670,90,US
idLJLdNQJdE,GTA5 - INSANE Prison Heist Finale With Pasta! [Part 2],VanossGaming,2025-10-05T22:05:11Z,308598,22423,917,US
CU-XBlRnAQg,Esclava,Bryant Myers - Topic,2025-10-03T23:14:07Z,670088,9088,0,US
l4pMThq1oQI,We Ruined Left 4 Dead 2 with Mods AGAIN,SMii7Y,2025-10-05T20:54:00Z,584286,30935,1130,US
QyN7J1eB1fU,Talking to the Moon,Bruno Mars - Topic,2025-10-02T10:04:39Z,288105,2105,16,US
gy4wKNHwCTM,This Slide Isn’t Legal… (Waterpark Sim Episode 23),CaseOh,2025-10-05T22:00:46Z,317094,18261,1376,US
AdzcfoG1Nag,"Xavi, Manuel Turizo - En Privado (Letra/Lyrics)",7clouds,2025-10-04T19:25:48Z,118049,643,48,US
0_8fo98Tnww,I Entered Roblox Big Brother...,Joe Bart Games,2025-10-05T22:44:56Z,166072,4867,340,US
8j6oZs1Gc2s,Camila - Aléjate De Mí (Letra),Love Trip,2025-10-04T17:00:18Z,177662,650,6,US
bt0zJCMjrB8,AI just tried to kill someone to avoid shutdown..,Asmongold TV  ,2025-10-06T04:00:45Z,342251,19840,5685,US
78Q8_HzVRpw,Huntrix - Golden (Lyrics) KPop Demon Hunters,Rap Fusion,2025-10-04T11:30:05Z,220953,931,27,US
aLStqrj0edU,The Divisional Playoffs Got Heated! Wheel of MUT! Ep. #7 ,MMG,2025-10-06T00:28:32Z,198587,9310,446,US
IYTZ9UC27Kc,Fuerza Regida - PERO NO TE ENAMORES (Letra),Nación Mexa,2025-10-04T19:00:14Z,148774,158,0,US
G1_diSlS3wc,I Tamed EVERY Animal in 99 Nights in the Forest,Koopekool,2025-10-05T22:00:24Z,443922,6252,805,US
RMdd0rUEo3k,"El Alfa ""El Jefe"" x Lapiz Conciente - TA TO FRIO | Video Oficial",ElAlfaElJefeTV,2025-10-03T19:59:12Z,3315077,112879,12474,US
6xKf-giSd8Y,$250 Spins Hoping History Repeats Itself,Vegas Matt,2025-10-05T18:45:00Z,288461,17956,3283,US
FERQCwUpva4,🎵 Manu Chao - Me Gustas Tu (Letra),Audio Music,2025-10-03T12:29:50Z,567958,4480,22,US
K_kIfsG2zrU,SURVIVNG 99 NIGHTS with a PET BEAR in 99 NIGHTS IN THE FOREST... *NEW TAMING UPDATE*,Lana's Life,2025-10-05T16:30:16Z,575688,8549,2180,US
P7xQSkn7BuA,Vicente Fernández - No Me Sé Rajar (Letra),Chilleando Beats,2025-10-01T21:00:35Z,169947,234,3,US
8VdHp0ZoryE,skibidi toilet 79 (part 3),DaFuq!?Boom!,2025-10-06T06:15:09Z,1285750,162005,27464,US
bQYtVE0-Neg,Die Anyway - LuLuYam Official Song and Visualizer,LuLuYam,2025-10-06T03:30:06Z,8599,2789,337,US
28_KFa02DlA,"People Asked for a City, I Built Them a Nightmare",Let's Game It Out,2025-10-05T14:53:30Z,800966,46755,2003,US
wFCDmdlUmlM,Hurricane Wisdom - OT (Official Music Video),Hurricane Wisdom,2025-10-03T16:00:07Z,277726,12480,515,US
grX9BcXyqAo,STEAL A BRAINROT GIVEAWAY LIVE | STEAL A BRAINROT FREE SECRETS + FREE BRAINROT GODS,Joxy,2025-10-05T23:49:37Z,401845,15013,24,US
--Vbey0sV8E,Teddy Swims - NRL Grand Final (Full Performance),Teddy Swims,2025-10-05T23:42:57Z,88561,5217,519,US
eQrUWCd79rU,ROBLOX MONSTER PETS..??,Tyler & Snowi,2025-10-05T21:42:00Z,337519,6038,161,US
pJrMihiPvHc,Let Go,Sean Rii - Topic,2025-09-25T10:02:07Z,55732,1727,43,US
ndHVj_X_xe0,I Used SECRET TUNNELS to Steal Update Brainrots 😂,Doodle and Arkey,2025-10-05T23:06:00Z,182303,2755,692,US
21oURhdGnhY,Fanta Tsunami vs Doomsday Bunker in Minecraft!,Johnny Minecraft,2025-10-05T21:05:21Z,135003,2287,234,US
fipwsCqHGqU,We built an 'Unraidable' Wizard Tower in Vanilla Rust... Ft Stevie,Willjum,2025-10-05T16:37:52Z,342448,14020,933,US
YIz-eUUlLCQ,ANIME Pillar Battles in Minecraft,SSundee,2025-10-05T17:30:09Z,317638,13302,669,US
akenijWKXzw,Join the Skeleton Army Evolution!,Clash Royale,2025-10-04T14:55:41Z,2799648,115452,2033,US
2u25NZwlSH0,stealing the best brainrot in the world,steak,2025-10-05T22:31:48Z,278745,10016,329,US
gUsUYcQegwA,grow a garden admin abuse (stormy sunday),KreekCraft,2025-10-05T18:52:21Z,722344,12975,307,US
9XwIY6HxKJE,I STOLE THE 8 RAREST BRAINROTS!,Foltyn,2025-10-04T23:58:02Z,1564217,19287,4484,US
2MVTj-T2RBk,Fortnitemares FINALLY DID IT!,Top5Gaming,2025-10-05T21:28:42Z,280861,7012,302,US
huuVjrF10F0,Another video about SBMM in CALL OF DUTY,FaZe Jev,2025-10-05T21:07:02Z,215503,10429,1221,US
yMbu6fBxyaw,I Carried an E-GIRL to DAY 500 in 99 Nights in The Forest!,ZexZel,2025-10-04T20:02:40Z,171954,5968,636,US
F5Jd7ZSt8ak,We Broke ALL 206 BONES in Skate..,Caylus  ,2025-10-05T17:53:42Z,202755,7595,541,US
nso3ie-cQGI,One Vampire at an all BOYS Sleepover!,Aphmau,2025-10-05T19:15:07Z,204690,6543,912,US
mPKFLAkPyBQ,"Steal A Brainrot, But My Brainrots Can Breed",SoraBlox,2025-10-05T16:33:37Z,397347,2542,541,US
zRNOsbGHKO4,Sammy x Jandel | HEAT ❤ | #stealabrainrot #growagarden | #roadto50k ,zii. (Зии.),2025-10-05T18:56:58Z,174029,1249,1007,US
I3zyC0YCZjA,"Roblox Steal a Brainrot - Lucky Block Opening, October 6th",JustAlx,2025-10-06T02:20:00Z,592782,15656,0,US
1wZb5X5mEmk,What scares the Grumps? | Until Dawn [2],GameGrumps,2025-10-05T17:00:05Z,95998,5951,494,US
a8FciLdbkXA,I Got Minecraft's Strongest Armor,ManePear,2025-10-06T01:09:21Z,190414,8865,1108,US
CXod4W8LEBk,NEW PET TAMING is INSANE in 99 Nights in the Forest!,yalc,2025-10-05T07:46:55Z,1186157,11067,1462,US
6uC4vrb4eJY,Aaron's Wedding | Mermaid Tales: The Black Lullaby [Ep.5],Aphmau Diaries,2025-10-06T00:30:11Z,98416,8681,1234,US
hlIVYlxLBBg,A HORRIFYING TRUTH | The Butterfly,Markiplier,2025-10-04T16:01:11Z,894278,58395,1431,US
zNdH72QXOEw,DO NOT Download These Cute Games ...They're Actually HAUNTED 27,LaurenZside,2025-10-05T15:54:12Z,157757,9960,991,US
jIoNh4Pfvoc,Never Have I Ever FLIRTED WITH LILY!,Omz,2025-10-05T19:06:22Z,109382,2298,320,US
CvEi-ygjpMY,The NEW Flamingo,Flamingo,2025-10-04T23:49:30Z,959472,57127,5885,US
gHfRpTMwyJs,I STOLE THE 8 SECRET BRAINROTS...,MoreNizarisaqt ,2025-10-05T20:00:26Z,114414,1924,282,US
e23e6Fmrm3w,How The Shopkeeper Acts when you leave... (Steal a Brainrot),Dash Roblox,2025-10-05T12:30:54Z,421723,4268,644,US
KJbwf9AipNg,Casino Staff Couldn’t Believe It Happened TWICE in Minutes!,Lady Luck HQ,2025-10-05T20:30:05Z,117405,6249,3238,US
Fu_VDZ3Q3ps,You’ve NEVER seen a FNAF free roam THIS fast…,3FS,2025-10-04T21:34:58Z,691803,45579,2537,US
-wIcSNesMKU,Rare FULL SCREEN Every Gambler DREAMS For!! ( I DID IT),Mr. Hand Pay,2025-10-05T21:00:00Z,85938,3380,680,US
nyOKjt3wRSU,"We Fired Over $10,000 on Slots! Ft. Cabrzy",Brettski,2025-10-05T20:00:35Z,86734,3433,274,US
DrebZyMNjkE,Zoey and Mystery get MARRIED In Roblox! (Kpop Demon Hunters),Huntrix Friends,2025-10-05T11:00:18Z,273190,7207,1494,US
NcEMYRA2TRw,Using ADMIN To CHEAT in 99 Nights in the Forest!,Socksfor3,2025-10-05T23:24:24Z,106050,2679,566,US
JYrokL2lmCk,Defeating The Most BRAINROT Slap Tower EVER... (i lost braincells),Nizarisaqt,2025-10-05T17:30:13Z,157491,2500,551,US
z4wNwZ6fQk0,The Town will fall... - Vampires SMP - Ep.4,Dangthatsalongname,2025-10-05T16:01:39Z,103155,11674,419,US
W-aN7Ju6KBU,Three Idiots VS The Other Side (Impossible Horror Game),SeeReax,2025-10-06T00:00:38Z,59711,6611,493,US
PLEW0tLjNJ4,I Built MY DREAM Base in Roblox 99 Nights in the Forest!,ItsFunneh,2025-10-04T21:00:22Z,699722,31168,2798,US
Q4ZdRYQmHvM,Veto Official Gameplay Reveal // VALORANT,VALORANT,2025-10-05T10:35:00Z,422596,18813,1439,US
JDuUbCDz7Cs,I Gambled at the Oldest & Newest Casino!,Bluff,2025-10-05T16:00:10Z,111038,3310,404,US
UBtDFqqWseQ,I Put All 32 Best WR's in a Moss Tournament,YoBoy PIZZA,2025-10-05T16:11:58Z,112676,3314,956,US
XzZmo9HUZHk,$0 to $1 TRILLION with FOOD ONLY Brainrots...,Techy Plays,2025-10-05T20:15:02Z,133920,2162,343,US
1L0vhcXu214,We Attempted The Insane 4 Player Pokemon Nuzlocke,UnitedGamer,2025-10-05T15:46:47Z,122161,9204,979,US
jHVSVHo3gBA,I'm Forced To Test Pills With Horrifying Side Effects - SIDE EFFECTS Large Update,ManlyBadassHero,2025-10-05T20:21:34Z,107889,5297,283,US
DOYMIMXRjEY,CAYLUS AND STEAK REACT TO MY CRAZY TOP 100 STEAL A BRAINROT BASE 💀🔥,rustynickle40,2025-10-05T23:44:32Z,109876,2326,973,US
ncwLv4fKDUg,Roblox Grow A Garden FUNNIEST MOMENTS!!,FoltynPlays,2025-10-05T19:16:30Z,136816,4293,994,US
fE5VCpp6DBA,"Steal a Brainrot, But Your Brainrots Can GROW UP..",GaraBLOX,2025-10-06T01:26:04Z,102061,1314,160,US
sOt4xDxkJrc,I Unlocked The Brand New RITUAL In Steal a Brainrot!,Johnny and Marty,2025-10-06T00:44:24Z,67558,1570,117,US
btuVm8pUwx8,I'm Dealing Again...,Yumi,2025-10-05T21:16:52Z,67932,5004,191,US
Vw6_7h-8Tdk,Explaining Every Pursuer skin in Die of Death,TheEdgiestTaco,2025-10-05T19:04:14Z,96190,4408,603,US
zknQoweqHKw,Brisbane Broncos Vs Melbourne Storm 2025 NRL Grand Final 5/10/25 Rugby League 26 #rugbyleague26 #nrl,Australia Worldwide Entertainment ,2025-10-05T07:30:06Z,55399,222,11,US
ZLoLAyeLe-c,What I Learned from Getting 3 Middle-aged Men Addicted to Minecraft,McKay,2025-10-05T03:00:06Z,239217,39732,2735,US
qdSA9UU-1fo,I Upgraded My LITTLE BROTHERS Steal A Brainrot Account,ProjectSupreme,2025-10-05T17:49:00Z,64678,800,154,US
O3yDFgAIu0U,I built a BOARDING SCHOOL in The Sims 4,lilsimsie,2025-10-05T19:00:18Z,96224,5462,263,US
UDZap4VPack,CHAOTIC SCHOOL MORNING ROUTINE!! *NEW SCHOOL!!* | Bloxburg Family Roleplay,Zaryee,2025-10-05T16:00:06Z,109109,3056,569,US
NTQ8DrqxcSs,🔴LIVE: ADMIN ABUSE?!?! SECRET MYSTERY LUCKY BLOCK OPENING🔴,Lispy Roblox,2025-10-06T02:48:10Z,388260,8832,4,US
dH_dj64jU_E,🌳99 NIGHTS IN THE FOREST🌳,Sky,2025-10-06T01:31:47Z,353734,2837,4,US
pwnhGzn99OU,Playing as a BABY OWL in the FOREST!,Dash,2025-10-05T13:01:36Z,233330,2807,258,US
lC6Y8FN73Rc,playing roblox with the 67 kid,Cruz,2025-10-06T00:56:29Z,106589,2906,518,US
gLISZGFfOcA,Episode 11.1: Getting Back For Lil Bro! | GTA RP | Grizzley World Whitelist,Grizzley Gang Gaming,2025-10-06T00:00:11Z,26116,684,64,US
msbuTfUETqY,"🚨ENTIRE CASINO STOPPED Watching This $1,000 Max Bet DRAGON LINK Run",NG Slot,2025-10-05T18:00:44Z,92090,4117,167,US
q0mjZN3F1yY,Treyarch is FINALLY LISTENING... Were They Forced?,MrRoflWaffles,2025-10-05T19:50:38Z,125521,4565,963,US
cV9-BE89GJc,Things Are Not Spinning In My Favor,MoreCaseOh,2025-10-05T21:00:37Z,59194,2354,209,US
DeAF6qmi6zc,Landing Epic SKATE 4 TRICK SHOTS...,Here's Johnny,2025-10-05T22:08:18Z,85288,2359,119,US
O8ouRPbdDH4,SOLO Player VS Minecraft's Deadliest Team,FlameFrags,2025-10-06T05:57:06Z,119671,12249,2192,US
NqRAcM73EnA,matthew,Ken,2025-10-05T11:45:02Z,335830,21599,1897,US
aTOJio74zjI,A Game About Feeding A Black Hole,ImCade,2025-10-05T15:00:02Z,137572,4262,198,US
0xLUXXlDbZU,The MOST Amazing Buffalo Video Ever Seen,VegasLowRoller,2025-10-05T18:00:01Z,43144,2202,69,US
1A84gHZcDQo,I can't believe it. Black Ops 7 has almost won me over with the SBMM removal.,Blame Truth - The CODfather,2025-10-05T23:57:15Z,58616,4643,1894,US
HkJuEcNu_8E,NRG vs. FNC — VALORANT Champions Paris — Grand Finals,VALORANT Champions Tour,2025-10-05T17:50:46Z,2692989,39900,190,US
-qFTEwQ2rk8,I Snuck Into a FAKE ADMIN Server With Owner's Account!,fiveuy,2025-10-05T21:19:14Z,40125,744,338,US
ufKF3og9Of8,What can you combine in Minecraft?,PrestonPlayz,2025-10-04T14:15:08Z,774649,12764,552,US
sLGWr3kc_n8,The Greatest Champions In VCT History (FNS Reacts to 2025 VCT Champions | FNATIC vs NRG),FNS,2025-10-05T19:43:26Z,54422,2195,165,US
mfKsyONofac,TenZ TESTS & REACTS TO *NEW* BROKEN AGENT VETO !!!,TenZ,2025-10-05T10:34:09Z,768378,22534,944,US
gDellT8LoSg,we played the BAD Battlefield...,Soup,2025-10-05T21:01:25Z,86948,4421,255,US
gaztuU_2NeI,5 DAYS with NO SLEEP... (Roblox Insomnia),Lia Roblox,2025-10-05T16:07:00Z,105511,2145,365,US
_X1wt-rfTFk,Surviving a Post-Disaster American Wilderness With My Dog and RV...,Fooster,2025-10-05T18:59:53Z,103567,6072,344,US
0i2SXb_3D9k,This Is A Game About Cutting A Tree,DangerouslyFunny,2025-10-06T02:00:01Z,62756,2248,194,US
sFvY1YEILX0,"Yu-Gi-Oh! TCG YCS Anaheim, CA - Day 2",Official Yu-Gi-Oh! TRADING CARD GAME,2025-10-06T03:08:02Z,148535,,17,US
7rR78m5Fkic,10 Video Game Things That Were AHEAD Of Their Time,gameranx,2025-10-05T14:43:44Z,195563,7247,635,US
UFJXkTr-Yv0,MOST INSANE GRAND FINAL! - FNATIC vs NRG - VCT Paris 2025,ohnepixel raw,2025-10-05T20:41:16Z,79275,3056,270,US
3lCJCGFDtkQ,Overthrowing our stupid captain and immediately regretting it,CHRBRG,2025-10-05T19:36:47Z,106913,7972,327,US
jk9VRmlqpmA,Veto All Abilities Explained | VALORANT New Agent,Kanga,2025-10-05T12:06:47Z,174679,3940,476,US
sDIzy-qH_sE,CREADOR SAMMY SE UNE A MI SERVIDOR😰 Y JANDEL TAMBIÉN☠️👺 | GUERRA DE ADMINS☠️,Jugando Con Nachito,2025-10-04T20:30:11Z,2399684,130868,8283,US
THF_u1AJb5k,The Stingray Is Pretty Crazy,Spookston,2025-10-05T16:30:10Z,166646,11704,999,US
-heSybWt8UI,50 Things You Need to Know Before Pokémon Legends Z-A,MunchingOrange,2025-10-05T22:00:01Z,66587,2749,439,US
Qxoq3peB44w,The World’s FUNNIEST Grow a Garden SHORTS! (VIRAL),Vindooly,2025-10-05T17:30:05Z,126087,4187,467,US
MnsfONgOjzk,PDSlots5150 is live!,PDSlots5150,2025-10-06T01:54:02Z,51761,1162,10,US
3VLK1z6kN24,Every Second +1 SPEED to Escape Roblox School...,OmzBlox,2025-10-05T21:45:01Z,56731,762,60,US
CWB5tAL6HZQ,Special Heroes: Altered Future (Fire Emblem Heroes),Nintendo Mobile,2025-10-06T02:59:27Z,31824,1567,,US
1q-RINyuSJs,We Tamed EVERY ANIMAL In 99 Nights In The Forest!,BrookBlox,2025-10-05T13:15:00Z,110991,1705,370,US
-AFZiNvsQp4,I Got Nothing But Tier 4 Items,Lazy Mattman,2025-10-06T04:00:01Z,50437,3031,285,US
LO67SngAcsI,Selling a GOLDEN $100k CAR at my dealership!,Real Civil Engineer,2025-10-05T16:00:38Z,132215,7976,424,US
V--_ojt3Nr4,🔴LIVE ROBLOX! PLAYING STEAL A BRAINROT WITH VIEWERS *NEW UPDATE* #roblox #shortslive #shorts,Sxzxr,2025-10-05T22:04:39Z,229967,3623,1,US
t22XRtFdm3w,I Became A DOG And got TRAPPED In QUICKSAND in Roblox...,More Techy,2025-10-05T16:01:31Z,88205,1659,161,US
bzTHvLg6nyY,Its the end of EA as we know it & I feel fine,It'sAGundam,2025-10-05T17:11:43Z,100312,10066,1416,US
0lfcvXcvEm4,We Punched WALLS To Make TRILLIONS in Roblox!,RoBros,2025-10-05T16:58:09Z,136175,2350,399,US
RoP4_XB51qY,Welcome to the Jungle – Kingdom Hearts [8],chuggaaconroy,2025-10-05T21:00:24Z,34716,2670,861,US
IYGI-PzKxp8,Why I Ate My Friend's ENTIRE World...,Firelight,2025-10-05T02:00:27Z,379359,5003,323,US
nmfpYFnCbbY,A Farewell to Remember :: Minecraft Hermitcraft,BdoubleO100,2025-10-05T14:02:37Z,133100,15594,994,US
13KhtPiht7I,We Spawned EVERY SECRET BRAINROT with the RIOT POTION in Plants vs Brainrots!,STUD 2,2025-10-05T15:05:21Z,114284,1090,152,US
zRmsfPTPl88,We Tried Surviving The New Developer Killers… (FORSAKEN),CORSO,2025-10-05T21:58:51Z,90573,2867,307,US
aPI9YRDPC7Q,I FINALLY GOT REVENGE on my WORST ENEMY - Ark: Survival Ascended,Welyn,2025-10-05T19:44:00Z,91831,4740,259,US
M49RvPJtNcU,New Battles Modes Explained - Clash of Clans Update!,Judo Sloth Gaming,2025-10-05T12:00:39Z,466229,21655,1741,US
8kOW-u2XmEA,Forcing my friends to enjoy Kirby Air Ride,Failboat,2025-10-06T00:11:01Z,71003,4859,344,US
_Xlb8mlE71U,I SEE IT NOW | Vampires: Episode 4,PearlescentMoon,2025-10-05T18:48:15Z,49245,5588,326,US
MViS9CrpOAY,The Future of Xbox...,Spawn Wave,2025-10-05T22:51:08Z,64612,3685,1333,US
m6wn3xqsCVw,"I Opened 1,000,000 Chests in 99 Nights in the Forest!",Grave,2025-10-05T22:00:48Z,86167,1201,406,US
cIlbQArxLVg,Which internet culture would build the best civilization?,GrayStillPlays,2025-10-05T20:00:15Z,54561,2966,116,US
fOS10VEgpuk,"FLoB-a-Thon 2025 - Day 69 - ""THE FAR LANDS""",Far Lands or Bust with KurtJMac,2025-10-05T21:00:47Z,62867,11136,1884,US
Vk8RfYWiGg4,"Xbox Insiders LEAK - New Consoles DOOMED, More Layoffs, Retailers Revolt & Millions Lost!",LegacyKillaHD,2025-10-05T21:00:35Z,90952,4157,1309,US
4-ziiXRDilE,Overwatch has gone too far...,Frogger,2025-10-05T21:00:06Z,83618,6639,268,US
9PtI1wR-O8k,INSANE GRAND FINAL! Tarik Reacts to NRG vs FNATIC | VCT Champions Paris 2025,tarik,2025-10-05T20:22:56Z,51396,1244,87,US
IzCoygNlibc,Game Theory: Was I WRONG About Secret of the Mimic?,The Game Theorists,2025-10-04T17:05:00Z,605052,31807,1418,US
BpWsBLttcnU,NOOO NOT THIS THING AGAIN.,Phoenix SC,2025-10-05T22:00:04Z,192631,12116,1009,US
8Lfo23VkY4k,I Unlocked The New Yin Yang Base In Steal A Brainrot,Brook and Riley,2025-10-05T17:45:00Z,52354,846,200,US
T0IW18nWxTs,Unlocking DARK MATTER for FREEZE RAY in Roblox Rivals..,TanqR,2025-10-05T20:20:58Z,114032,3705,998,US
MvI8n01A8Xs,These Are The Best Madden Packs I Have Ever Seen…,Meags,2025-10-05T01:52:30Z,156986,5079,147,US
fdgkuQP1vfE,The HIGHEST DAMAGE Gun in Borderlands 4 (5X Damage!) // Borderlands 4 Legendary Bod Breakdown,Moxsy,2025-10-05T17:29:57Z,86241,2201,411,US
ydZjms7ICV0,SAJA BOYS Escape The CARNIVAL OF TERROR In Roblox!,Saja Friends,2025-10-05T22:00:58Z,47592,595,19,US
CV1r0-dwGSw,Making Golden AXE in 99 Nights in the Forest🔦,Sunny and Melon,2025-10-05T19:30:01Z,102031,1242,211,US
1wJMdJfG4Xc,Escape The INFECTIOUS SMILE In Roblox With MY FRIENDS...,Gray & Wenda,2025-10-05T20:00:05Z,68813,703,57,US
8eE8jeWO1Fg,99 Nights on ONE Block!,UnspeakablePlays,2025-10-05T14:00:11Z,105282,1394,177,US
82geeJnNW8o,Take The Wrong Pill & Die | Side Effects Roulette,Daz Games,2025-10-05T17:00:42Z,145586,8488,269,US
QZi1w69TMOs,Ranking EVERY New Feature in the Minecraft Copper Age Drop!,Odyssey Central,2025-10-05T16:00:46Z,78674,4743,520,US
oBt2tPDhgBQ,GAME-BREAKING LOCKDOWN BUILD is PERFECT in NBA 2K26! BEST DEFENSIVE BUILD! BEST BUILD IN NBA2K26!,Solo,2025-10-05T17:45:07Z,45750,966,82,US
FU7gid35qJ0,LOCK YOUR DOORS BEFORE YOU SLEEP OR IT WILL GET INSIDE (2 horror games),Kubz Scouts,2025-10-06T06:34:47Z,28613,4597,772,US
sftG8WOVqX0,I made a Pokemon Gameshow that turns YouTubers against each other,DeliciousJames,2025-10-05T16:30:21Z,72746,3741,291,US
od_jCEk_Lcs,Digimon is Stupid,DotoDoya,2025-10-05T22:01:02Z,65403,6505,763,US
PBRHui62bh4,The Greatest Hiker Run You've Ever Seen,Roffle Lite,2025-10-06T01:00:33Z,35424,1330,110,US
OdrUJcDYT3Q,Hermitcraft 10: Episode 41 - THE HOMESTRETCH!,Grian,2025-10-04T17:00:35Z,550874,42243,1391,US
lYDpZ-OM0GQ,My NEW BABY In Roblox!,KPop Hunters,2025-10-05T18:19:12Z,58855,1098,46,US
QHOYRtZdrXI,THE WOLVES HAVE FOUND EACH OTHER| GHOST OF YOTEI {EP 2},Jettro Jettro,2025-10-05T22:26:50Z,28781,4587,496,US
Ncrb-Jd70KE,This NEW HALLOWEEN Horror Game Is TERRIFYING.. - Myers Halloween Night (FULL GAME),FusionZGamer,2025-10-05T21:00:20Z,55768,3412,471,US
wbaHJPaqc9w,Assassin's Creed Mirage: Valley of Memory,Ubisoft,2025-10-05T16:01:40Z,201655,9711,1073,US
-OHVWtIaiso,"PLAYING MORE POPULAR Roblox Games *LIVE* (99 nights in a forest, + joins turned on!)",Sofi Manassyan,2025-10-05T18:55:03Z,823181,9328,78,US
kv0curf7vj8,One Big Happy VAMPIRE FAMILY! | Vampires SMP Ep.4,Shubble,2025-10-05T18:33:43Z,29063,3493,134,US
9uE3WKlOcTA,LVL 2 GOOD DEATH!,Thebausffs,2025-10-05T14:00:14Z,290608,12959,347,US
EWchgiENsEk,I Made Villagers Trap My Friend in Minecraft,Doodle,2025-10-06T00:30:10Z,35214,903,196,US
Koh_eRVAF6I,Cosplaying as a guy who is bad at slot machines (Cloverpit),Northernlion,2025-10-05T17:00:33Z,36629,1504,82,US
WFha8pWTNac,Adopted by 67 KID FAMILY in Minecraft!,Drift,2025-10-05T02:00:35Z,463044,8301,1999,US
BXR7475J66s,Añadí ARMAS REALES en un BLOQUE en Minecraft!,Dagar,2025-10-05T18:54:20Z,672986,9078,369,US
z8rFVRLUi40,【Easy Delivery Co.】how dark the story can be? 🤔,Kaela Kovalskia Ch. hololive-ID,2025-10-06T09:32:23Z,38823,4291,15,US
ackDMQUTBsc,Guns vs Scary Minecraft,Bionic,2025-10-04T23:00:02Z,505338,13209,1795,US
HPn9mego2ZA,I Unlocked NEW MAX REBIRTH to Become Worlds First $100 Trillion Leaderboard Player,BachaBlox,2025-10-05T16:52:14Z,195748,3001,780,US
cjgH-v0w6zY,Rugby League 26 - NRL Grand Final - STORM V BRONCOS,FoolGaming,2025-10-04T08:17:25Z,17961,58,3,US
WgLZ4q8qWlE,Boys vs Girls in 99 Nights In The Forest…,Daaash,2025-10-05T21:42:53Z,59302,799,179,US
9HvT01ALiFc,OMG IT'S NOT OVER..!!! 😭,SinX6,2025-10-06T00:58:21Z,41472,1598,269,US
30HddHgD0oU,Harmless Pranks - Modded Minecraft,Neebs Gaming,2025-10-05T16:00:05Z,64005,5588,249,US
P-TIN2A8KXM,WE WON!!!!!!!!! WE WON!!!!!!!!!!!!!,GothamChess,2025-10-05T07:45:05Z,352449,17035,1435,US
fENbnKuYj5s,FLYING CARDS ONLY,Jynxzi Live,2025-10-04T20:40:47Z,496608,9950,329,US
spzY5eoc04U,Taming The STRONGEST ANIMAL ARMY In 99 Nights In The Forest! (Roblox),Andy Plays,2025-10-05T22:42:20Z,69519,1237,143,US
BUXrdwgPwFQ,The Most HARDCORE Megabonk Run! 5 Million Gold Robinette,Dex,2025-10-05T19:00:12Z,83319,2111,168,US
ZwT38P2cGrY,I Kissed My Crush At A Girls Only POOL PARTY In Roblox Snapchat!,AndyBlox,2025-10-05T18:17:21Z,89244,1490,149,US
AVH83M6Rkxk,Using ADMIN COMMANDS on a HACKER ONLY SERVER…,Cash,2025-10-05T14:00:27Z,114679,1860,378,US
kj44ErF1HB4,11 Unintentionally Terrible Pokemon,False Swipe Gaming,2025-10-05T19:02:05Z,68760,3208,297,US
pqwZ1mYM4v0,The Worst Pokemon Evolutions,WolfeyVGC,2025-10-04T15:18:39Z,514950,26330,1208,US
vQcAFCohhc8,I Won Huge On This Neglected Slot Machine!!,SC Slots,2025-10-05T22:01:05Z,20558,2634,154,US
XtEPwknbGB0,Steal A Brainrot Admin Abuse (NEW UPDATE) 🔴,Brandon302,2025-10-04T19:58:16Z,1209368,24259,44,US
nfySxCMkJEM,Conseguí TODOS los NUEVOS BRAINROT de LOS LUCKYBLOCKSITOS en Steal a Brainrot,SoyNeto,2025-10-05T23:18:56Z,799023,8954,1121,US
